-- MySQL dump 10.13  Distrib 8.0.36, for Linux (x86_64)
--
-- Host: localhost    Database: appium_whatsapp_db
-- ------------------------------------------------------
-- Server version	8.0.36-0ubuntu0.22.04.1

/*!40101 SET @OLD_CHARACTER_SET_CLIENT=@@CHARACTER_SET_CLIENT */;
/*!40101 SET @OLD_CHARACTER_SET_RESULTS=@@CHARACTER_SET_RESULTS */;
/*!40101 SET @OLD_COLLATION_CONNECTION=@@COLLATION_CONNECTION */;
/*!50503 SET NAMES utf8mb4 */;
/*!40103 SET @OLD_TIME_ZONE=@@TIME_ZONE */;
/*!40103 SET TIME_ZONE='+00:00' */;
/*!40014 SET @OLD_UNIQUE_CHECKS=@@UNIQUE_CHECKS, UNIQUE_CHECKS=0 */;
/*!40014 SET @OLD_FOREIGN_KEY_CHECKS=@@FOREIGN_KEY_CHECKS, FOREIGN_KEY_CHECKS=0 */;
/*!40101 SET @OLD_SQL_MODE=@@SQL_MODE, SQL_MODE='NO_AUTO_VALUE_ON_ZERO' */;
/*!40111 SET @OLD_SQL_NOTES=@@SQL_NOTES, SQL_NOTES=0 */;

--
-- Table structure for table `appium_doc_reg_tbl`
--

DROP TABLE IF EXISTS `appium_doc_reg_tbl`;
/*!40101 SET @saved_cs_client     = @@character_set_client */;
/*!50503 SET character_set_client = utf8mb4 */;
CREATE TABLE `appium_doc_reg_tbl` (
  `id` int NOT NULL AUTO_INCREMENT,
  `doc_cont_id` varchar(255) NOT NULL,
  `cont_status` varchar(255) NOT NULL,
  `wa_no` varchar(50) NOT NULL,
  `is_wa_reg` varchar(50) NOT NULL,
  `proxy_id` varchar(50) NOT NULL,
  `ip` varchar(50) NOT NULL,
  `port_1` varchar(50) NOT NULL,
  `port_2` varchar(50) NOT NULL,
  `port_3` varchar(50) NOT NULL,
  `port_4` varchar(50) CHARACTER SET utf8mb4 COLLATE utf8mb4_0900_ai_ci NOT NULL,
  `reg_timestamp` datetime NOT NULL DEFAULT CURRENT_TIMESTAMP,
  PRIMARY KEY (`id`)
) ENGINE=InnoDB AUTO_INCREMENT=313 DEFAULT CHARSET=utf8mb4 COLLATE=utf8mb4_0900_ai_ci;
/*!40101 SET character_set_client = @saved_cs_client */;

--
-- Dumping data for table `appium_doc_reg_tbl`
--

LOCK TABLES `appium_doc_reg_tbl` WRITE;
/*!40000 ALTER TABLE `appium_doc_reg_tbl` DISABLE KEYS */;
INSERT INTO `appium_doc_reg_tbl` VALUES (262,'c796459519','running','213796449519','pending','1','65.109.113.62','7185','4790','5592','55592','2024-02-15 06:12:31'),(267,'c796459519','running','213796459519','pending','2','65.109.113.62','7186','4791','5593','55593','2024-02-15 06:35:36'),(268,'c796320845','running','213796320845','pending','3','65.109.113.62','7187','4792','5594','55594','2024-02-15 06:35:48'),(269,'c799957353','running','213799957353','pending','4','65.109.113.62','7188','4793','5595','55595','2024-02-15 06:35:59'),(270,'c796584585','running','213796584585','pending','5','65.109.113.62','7189','4794','5596','55596','2024-02-15 06:36:10'),(271,'c777000001','running','962777000001','pending','6','65.109.113.62','7190','4795','5597','55597','2024-02-15 08:41:59'),(272,'c775454451','running','962775454451','pending','7','65.109.113.62','7191','4796','5598','55598','2024-02-15 17:01:22'),(273,'c968536798','running','963968536798','pending','8','65.109.113.62','7192','4797','5599','55599','2024-02-18 12:36:56'),(274,'c1743223525','running','491743223525','pending','9','65.109.113.62','7193','4798','5600','55600','2024-02-27 19:08:49'),(275,'c621029409','running','27621029409','pending','10','65.109.113.62','7194','4799','5601','55601','2024-03-02 10:25:44'),(276,'c544000000223','running','971544000000223','pending','11','65.109.113.62','7195','4800','5602','55602','2024-03-02 10:54:09'),(277,'c7180010010','running','9677180010010','pending','12','65.109.113.62','7196','4801','5603','55603','2024-03-02 15:56:44'),(278,'c718000000','running','966718000000','pending','13','65.109.113.62','7197','4802','5604','55604','2024-03-02 15:56:56'),(279,'c772415210','running','252772415210','pending','14','65.109.113.62','7198','4803','5605','55605','2024-03-06 13:48:07'),(280,'c718000001','running','966718000001','pending','15','65.109.113.62','7199','4804','5606','55606','2024-03-06 20:01:00'),(281,'c613014758','running','252613014758','pending','16','65.109.113.62','7200','4805','5607','55607','2024-03-09 09:22:11'),(282,'c611408942','running','252611408942','pending','17','65.109.113.62','7201','4806','5608','55608','2024-03-09 10:07:19'),(283,'c685324757','running','252685324757','pending','18','65.109.113.62','7202','4807','5609','55609','2024-03-11 15:02:40'),(284,'c612052956','running','252612052956','pending','19','65.109.113.62','7203','4808','5610','55610','2024-03-11 15:02:51'),(285,'c616366293','running','252616366293','pending','20','65.109.113.62','7204','4809','5611','55611','2024-03-11 15:18:46'),(286,'c7583127850','running','447583127850','pending','21','65.109.113.62','7205','4810','5612','55612','2024-04-14 14:29:54'),(293,'c7999452718','running','917999452718','pending','23','65.109.113.62','7407','4912','5714','55714','2024-04-24 09:40:50'),(297,'c7999452711','running','917999452711','pending','22','65.109.113.62','7408','4913','5715','55715','2024-04-25 06:38:58'),(298,'c7999452712','running','917999452712','pending','24','65.109.113.62','7409','4914','5716','55716','2024-04-25 06:43:54'),(299,'c7999452713','running','917999452713','pending','25','65.109.113.62','7410','4915','5717','55717','2024-04-25 06:45:09'),(300,'c7774444444','running','447774444444','pending','26','65.109.113.62','7411','4916','5718','55718','2024-04-25 06:56:12'),(302,'c796888283','running','962796888283','pending','28','65.109.113.62','7413','4918','5720','55720','2024-04-25 13:42:54'),(303,'c7583127800','running','447583127800','pending','29','65.109.113.62','7414','4919','5721','55721','2024-04-27 12:11:41'),(305,'c758855581','running','33758855581','pending','31','65.109.113.62','7416','4921','5723','55723','2024-04-29 17:08:59'),(308,'c7999452725','running','917999452725','pending','34','65.109.113.62','7419','4924','5726','55726','2024-04-30 06:27:50'),(309,'c7418626141','running','447418626141','pending','27','65.109.113.62','7420','4925','5727','55727','2024-05-04 12:56:37'),(310,'c7999452733','running','917999452733','pending','30','65.109.113.62','7421','4926','5728','55728','2024-05-06 06:28:47'),(311,'c7999452744','running','917999452744','pending','32','65.109.113.62','7422','4927','5729','55729','2024-05-10 05:29:03'),(312,'c7999452755','running','917999452755','pending','33','65.109.113.62','7423','4928','5730','55730','2024-05-10 08:34:59');
/*!40000 ALTER TABLE `appium_doc_reg_tbl` ENABLE KEYS */;
UNLOCK TABLES;

--
-- Table structure for table `appium_proxy_tbl`
--

DROP TABLE IF EXISTS `appium_proxy_tbl`;
/*!40101 SET @saved_cs_client     = @@character_set_client */;
/*!50503 SET character_set_client = utf8mb4 */;
CREATE TABLE `appium_proxy_tbl` (
  `id` int NOT NULL AUTO_INCREMENT,
  `prox_id` varchar(50) NOT NULL,
  `proxy_ip` varchar(50) NOT NULL,
  `proxy_port` varchar(50) NOT NULL,
  `used` varchar(50) NOT NULL,
  PRIMARY KEY (`id`)
) ENGINE=InnoDB AUTO_INCREMENT=1005 DEFAULT CHARSET=utf8mb4 COLLATE=utf8mb4_0900_ai_ci;
/*!40101 SET character_set_client = @saved_cs_client */;

--
-- Dumping data for table `appium_proxy_tbl`
--

LOCK TABLES `appium_proxy_tbl` WRITE;
/*!40000 ALTER TABLE `appium_proxy_tbl` DISABLE KEYS */;
INSERT INTO `appium_proxy_tbl` VALUES (1,'1','23.95.190.94','3128',''),(2,'2','192.177.163.8','3128',''),(3,'3','23.94.242.117','3128',''),(4,'4','166.88.122.61','3128',''),(5,'5','156.227.14.141','3128',''),(6,'6','142.252.223.231','3128',''),(7,'7','192.177.186.167','3128',''),(8,'8','23.94.180.38','3128',''),(9,'9','23.95.201.11','3128',''),(10,'10','192.177.160.207','3128',''),(11,'11','23.94.227.133','3128',''),(12,'12','192.177.163.116','3128',''),(13,'13','209.127.31.182','3128',''),(14,'14','156.227.14.15','3128',''),(15,'15','23.94.237.225','3128',''),(16,'16','192.177.186.179','3128',''),(17,'17','172.121.142.186','3128',''),(18,'18','142.252.198.4','3128',''),(19,'19','38.15.148.213','3128',''),(20,'20','136.0.95.176','3128',''),(21,'21','166.88.122.25','3128',''),(22,'22','23.94.213.233','3128',''),(23,'23','104.252.179.53','3128',''),(24,'24','192.177.160.21','3128',''),(25,'25','142.252.223.117','3128',''),(26,'26','142.252.26.50','3128',''),(27,'27','192.177.165.163','3128',''),(28,'28','136.0.95.206','3128',''),(29,'29','192.177.188.112','3128',''),(30,'30','172.121.142.204','3128',''),(31,'31','23.94.238.160','3128',''),(32,'32','172.121.142.168','3128',''),(33,'33','172.121.142.60','3128',''),(34,'34','23.95.201.29','3128',''),(35,'35','156.227.14.249','3128',''),(36,'36','142.252.223.237','3128',''),(37,'37','142.252.198.154','3128',''),(38,'38','142.252.26.20','3128',''),(39,'39','192.177.165.49','3128',''),(40,'40','23.94.227.193','3128',''),(41,'41','23.94.222.144','3128',''),(42,'42','142.252.198.250','3128',''),(43,'43','142.252.26.170','3128',''),(44,'44','23.95.49.152','3128',''),(45,'45','23.95.69.208','3128',''),(46,'46','23.94.227.229','3128',''),(47,'47','192.177.188.226','3128',''),(48,'48','45.146.131.152','3128',''),(49,'49','23.95.190.40','3128',''),(50,'50','142.252.198.160','3128',''),(51,'51','142.252.223.249','3128',''),(52,'52','23.95.49.206','3128',''),(53,'53','142.252.198.214','3128',''),(54,'54','192.177.160.165','3128',''),(55,'55','142.252.198.82','3128',''),(56,'56','192.177.188.208','3128',''),(57,'57','23.95.183.111','3128',''),(58,'58','142.252.26.56','3128',''),(59,'59','23.95.63.121','3128',''),(60,'60','23.95.49.212','3128',''),(61,'61','23.95.16.35','3128',''),(62,'62','23.95.190.4','3128',''),(63,'63','142.252.198.172','3128',''),(64,'64','45.146.131.116','3128',''),(65,'65','192.177.163.110','3128',''),(66,'66','23.95.183.57','3128',''),(67,'67','45.199.132.47','3128',''),(68,'68','192.177.188.232','3128',''),(69,'69','192.177.163.26','3128',''),(70,'70','23.94.237.141','3128',''),(71,'71','104.252.179.203','3128',''),(72,'72','23.95.63.7','3128',''),(73,'73','23.94.222.180','3128',''),(74,'74','209.127.76.88','3128',''),(75,'75','23.94.213.143','3128',''),(76,'76','209.127.31.247','3128',''),(77,'77','23.95.183.15','3128',''),(78,'78','166.88.122.163','3128',''),(79,'79','23.95.69.136','3128',''),(80,'80','142.252.223.75','3128',''),(81,'81','23.94.180.122','3128',''),(82,'82','192.177.165.55','3128',''),(83,'83','45.199.132.143','3128',''),(84,'84','166.88.122.205','3128',''),(85,'85','23.94.227.151','3128',''),(86,'86','192.177.163.74','3128',''),(87,'87','209.127.31.160','3128',''),(88,'88','23.94.242.21','3128',''),(89,'89','45.146.131.32','3128',''),(90,'90','23.95.16.17','3128',''),(91,'91','142.252.223.195','3128',''),(92,'92','23.95.69.196','3128',''),(93,'93','104.252.179.179','3128',''),(94,'94','209.127.31.222','3128',''),(95,'95','23.94.180.8','3128',''),(96,'96','172.121.142.12','3128',''),(97,'97','45.199.132.29','3128',''),(98,'98','23.95.69.166','3128',''),(99,'99','142.252.223.111','3128',''),(100,'100','142.252.26.62','3128',''),(101,'101','192.177.186.29','3128',''),(102,'102','23.94.237.159','3128',''),(103,'103','192.177.163.86','3128',''),(104,'104','192.177.160.135','3128',''),(105,'105','23.94.230.48','3128',''),(106,'106','192.177.165.67','3128',''),(107,'107','23.94.222.162','3128',''),(108,'108','45.199.132.161','3128',''),(109,'109','23.94.222.234','3128',''),(110,'110','23.94.247.222','3128',''),(111,'111','156.227.14.201','3128',''),(112,'112','172.121.142.108','3128',''),(113,'113','23.94.237.135','3128',''),(114,'114','23.95.49.146','3128',''),(115,'115','142.252.26.146','3128',''),(116,'116','23.94.213.221','3128',''),(117,'117','23.95.16.29','3128',''),(118,'118','104.252.179.251','3128',''),(119,'119','23.94.213.167','3128',''),(120,'120','23.94.227.169','3128',''),(121,'121','192.177.186.95','3128',''),(122,'122','23.94.180.98','3128',''),(123,'123','45.199.132.203','3128',''),(124,'124','142.252.223.225','3128',''),(125,'125','45.146.131.74','3128',''),(126,'126','45.146.131.164','3128',''),(127,'127','45.146.131.110','3128',''),(128,'128','142.252.26.182','3128',''),(129,'129','192.177.163.32','3128',''),(130,'130','192.177.160.243','3128',''),(131,'131','23.95.183.9','3128',''),(132,'132','23.94.180.26','3128',''),(133,'133','172.121.142.246','3128',''),(134,'134','45.146.131.56','3128',''),(135,'135','23.95.16.41','3128',''),(136,'136','23.94.237.213','3128',''),(137,'137','23.94.227.157','3128',''),(138,'138','23.95.69.250','3128',''),(139,'139','23.95.49.176','3128',''),(140,'140','192.177.165.79','3128',''),(141,'141','23.94.238.184','3128',''),(142,'142','104.252.179.185','3128',''),(143,'143','23.95.63.49','3128',''),(144,'144','104.252.179.143','3128',''),(145,'145','23.94.238.202','3128',''),(146,'146','45.199.132.233','3128',''),(147,'147','38.15.149.44','3128',''),(148,'148','142.252.223.159','3128',''),(149,'149','142.252.198.10','3128',''),(150,'150','136.0.95.182','3128',''),(151,'151','166.88.122.139','3128',''),(152,'152','23.95.69.160','3128',''),(153,'153','104.252.179.83','3128',''),(154,'154','23.94.222.168','3128',''),(155,'155','45.199.132.239','3128',''),(156,'156','136.0.95.104','3128',''),(157,'157','23.94.237.177','3128',''),(158,'158','23.95.183.27','3128',''),(159,'159','192.177.160.39','3128',''),(160,'160','209.127.76.129','3128',''),(161,'161','136.0.95.2','3128',''),(162,'162','23.95.183.33','3128',''),(163,'163','23.94.242.39','3128',''),(164,'164','142.252.26.140','3128',''),(165,'165','45.146.131.158','3128',''),(166,'166','209.127.76.40','3128',''),(167,'167','45.146.131.104','3128',''),(168,'168','192.177.165.181','3128',''),(169,'169','142.252.198.220','3128',''),(170,'170','136.0.95.32','3128',''),(171,'171','192.177.160.9','3128',''),(172,'172','142.252.198.124','3128',''),(173,'173','23.94.227.253','3128',''),(174,'174','23.95.201.59','3128',''),(175,'175','172.121.142.150','3128',''),(176,'176','23.95.183.45','3128',''),(177,'177','142.252.223.39','3128',''),(178,'178','23.95.190.124','3128',''),(179,'179','192.177.160.213','3128',''),(180,'180','23.94.230.78','3128',''),(181,'181','192.177.188.244','3128',''),(182,'182','23.95.190.52','3128',''),(183,'183','172.121.142.162','3128',''),(184,'184','172.121.142.144','3128',''),(185,'185','23.95.201.41','3128',''),(186,'186','23.94.213.209','3128',''),(187,'187','166.88.122.241','3128',''),(188,'188','23.94.242.69','3128',''),(189,'189','104.252.179.197','3128',''),(190,'190','142.252.26.224','3128',''),(191,'191','192.177.163.38','3128',''),(192,'192','156.227.14.213','3128',''),(193,'193','192.177.163.20','3128',''),(194,'194','166.88.122.31','3128',''),(195,'195','23.95.183.87','3128',''),(196,'196','23.95.183.51','3128',''),(197,'197','23.95.49.254','3128',''),(198,'198','45.199.132.35','3128',''),(199,'199','142.252.198.46','3128',''),(200,'200','166.88.122.37','3128',''),(201,'201','166.88.122.169','3128',''),(202,'202','23.94.213.197','3128',''),(203,'203','23.94.230.36','3128',''),(204,'204','23.94.242.75','3128',''),(205,'205','23.95.201.65','3128',''),(206,'206','209.127.31.193','3128',''),(207,'207','142.252.198.208','3128',''),(208,'208','172.121.142.252','3128',''),(209,'209','192.177.188.184','3128',''),(210,'210','23.94.222.174','3128',''),(211,'211','192.177.163.44','3128',''),(212,'212','23.95.63.97','3128',''),(213,'213','192.177.188.166','3128',''),(214,'214','136.0.95.152','3128',''),(215,'215','142.252.223.207','3128',''),(216,'216','192.177.165.91','3128',''),(217,'217','45.199.132.89','3128',''),(218,'218','192.177.160.249','3128',''),(219,'219','172.121.142.240','3128',''),(220,'220','172.121.142.90','3128',''),(221,'221','45.146.131.182','3128',''),(222,'222','192.177.165.157','3128',''),(223,'223','23.94.222.186','3128',''),(224,'224','166.88.122.187','3128',''),(225,'225','142.252.223.135','3128',''),(226,'226','23.95.190.22','3128',''),(227,'227','209.127.31.137','3128',''),(228,'228','209.127.31.211','3128',''),(229,'229','23.95.190.34','3128',''),(230,'230','142.252.223.129','3128',''),(231,'231','23.95.190.76','3128',''),(232,'232','45.146.131.248','3128',''),(233,'233','192.177.160.159','3128',''),(234,'234','45.146.131.80','3128',''),(235,'235','23.95.63.85','3128',''),(236,'236','23.95.183.81','3128',''),(237,'237','192.177.186.53','3128',''),(238,'238','23.95.16.71','3128',''),(239,'239','104.252.179.125','3128',''),(240,'240','23.94.237.231','3128',''),(241,'241','104.252.179.113','3128',''),(242,'242','104.252.179.59','3128',''),(243,'243','192.177.188.172','3128',''),(244,'244','38.15.148.93','3128',''),(245,'245','23.94.242.27','3128',''),(246,'246','192.177.163.248','3128',''),(247,'247','23.94.227.187','3128',''),(248,'248','166.88.122.127','3128',''),(249,'249','23.94.237.171','3128',''),(250,'250','192.177.165.145','3128',''),(251,'251','142.252.26.230','3128',''),(252,'252','23.94.242.45','3128',''),(253,'253','23.94.180.20','3128',''),(254,'254','172.121.142.210','3128',''),(255,'255','192.177.160.147','3128',''),(256,'256','104.252.179.47','3128',''),(257,'257','23.95.16.125','3128',''),(258,'258','142.252.198.52','3128',''),(259,'259','45.146.131.218','3128',''),(260,'260','23.95.49.170','3128',''),(261,'261','156.227.14.177','3128',''),(262,'262','136.0.95.98','3128',''),(263,'263','23.94.242.57','3128',''),(264,'264','209.127.76.107','3128',''),(265,'265','23.94.180.44','3128',''),(266,'266','142.252.26.176','3128',''),(267,'267','192.177.165.211','3128',''),(268,'268','192.177.186.239','3128',''),(269,'269','23.95.16.83','3128',''),(270,'270','142.252.223.69','3128',''),(271,'271','209.127.39.80','3128',''),(272,'272','192.177.188.220','3128',''),(273,'273','166.88.122.199','3128',''),(274,'274','23.94.227.217','3128',''),(275,'275','192.177.186.119','3128',''),(276,'276','23.94.242.99','3128',''),(277,'277','23.94.237.183','3128',''),(278,'278','38.15.148.57','3128',''),(279,'279','156.227.14.129','3128',''),(280,'280','23.94.180.2','3128',''),(281,'281','23.95.63.25','3128',''),(282,'282','142.252.26.38','3128',''),(283,'283','45.146.131.122','3128',''),(284,'284','23.94.238.148','3128',''),(285,'285','166.88.122.133','3128',''),(286,'286','45.146.131.254','3128',''),(287,'287','23.95.63.91','3128',''),(288,'288','23.94.242.123','3128',''),(289,'289','23.95.16.89','3128',''),(290,'290','23.95.63.67','3128',''),(291,'291','172.121.142.174','3128',''),(292,'292','45.199.132.119','3128',''),(293,'293','192.177.186.83','3128',''),(294,'294','192.177.160.189','3128',''),(295,'295','192.177.188.142','3128',''),(296,'296','142.252.223.189','3128',''),(297,'297','142.252.26.92','3128',''),(298,'298','192.177.186.47','3128',''),(299,'299','142.252.26.188','3128',''),(300,'300','23.95.49.218','3128',''),(301,'301','166.88.122.61','3128',''),(302,'302','192.177.163.62','3128',''),(303,'303','142.252.26.152','3128',''),(304,'304','45.146.131.14','3128',''),(305,'305','23.94.247.216','3128',''),(306,'306','23.95.69.220','3128',''),(307,'307','23.94.238.196','3128',''),(308,'308','104.252.179.149','3128',''),(309,'309','156.227.14.93','3128',''),(310,'310','156.227.14.39','3128',''),(311,'311','136.0.95.86','3128',''),(312,'312','192.177.160.15','3128',''),(313,'313','23.94.242.51','3128',''),(314,'314','136.0.95.158','3128',''),(315,'315','23.94.242.111','3128',''),(316,'316','23.94.230.120','3128',''),(317,'317','192.177.186.89','3128',''),(318,'318','23.95.183.39','3128',''),(319,'319','209.127.31.233','3128',''),(320,'320','192.177.163.104','3128',''),(321,'321','23.95.49.230','3128',''),(322,'322','192.177.186.59','3128',''),(323,'323','192.177.188.4','3128',''),(324,'324','192.177.160.45','3128',''),(325,'325','45.146.131.200','3128',''),(326,'326','23.94.227.145','3128',''),(327,'327','192.177.186.137','3128',''),(328,'328','45.199.132.167','3128',''),(329,'329','142.252.223.219','3128',''),(330,'330','45.199.132.131','3128',''),(331,'331','192.177.160.177','3128',''),(332,'332','156.227.14.117','3128',''),(333,'333','23.95.201.53','3128',''),(334,'334','23.94.238.166','3128',''),(335,'335','142.252.26.116','3128',''),(336,'336','142.252.198.88','3128',''),(337,'337','45.199.132.227','3128',''),(338,'338','142.252.223.57','3128',''),(339,'339','23.95.190.46','3128',''),(340,'340','23.94.238.214','3128',''),(341,'341','142.252.26.212','3128',''),(342,'342','104.252.179.35','3128',''),(343,'343','192.177.165.205','3128',''),(344,'344','192.177.160.153','3128',''),(345,'345','23.94.247.174','3128',''),(346,'346','192.177.160.201','3128',''),(347,'347','192.177.165.85','3128',''),(348,'348','142.252.198.238','3128',''),(349,'349','23.94.238.136','3128',''),(350,'350','23.94.230.24','3128',''),(351,'351','172.121.142.114','3128',''),(352,'352','23.95.16.5','3128',''),(353,'353','23.94.222.204','3128',''),(354,'354','45.199.132.23','3128',''),(355,'355','209.127.76.25','3128',''),(356,'356','45.199.132.5','3128',''),(357,'357','192.177.163.68','3128',''),(358,'358','142.252.198.136','3128',''),(359,'359','142.252.198.196','3128',''),(360,'360','23.94.247.168','3128',''),(361,'361','192.177.186.11','3128',''),(362,'362','156.227.14.153','3128',''),(363,'363','192.177.186.149','3128',''),(364,'364','192.177.163.146','3128',''),(365,'365','45.199.132.11','3128',''),(366,'366','104.252.179.209','3128',''),(367,'367','192.177.188.202','3128',''),(368,'368','23.95.63.109','3128',''),(369,'369','192.177.165.103','3128',''),(370,'370','136.0.95.68','3128',''),(371,'371','38.15.148.9','3128',''),(372,'372','23.94.213.173','3128',''),(373,'373','192.177.186.155','3128',''),(374,'374','142.252.223.81','3128',''),(375,'375','172.121.142.42','3128',''),(376,'376','23.95.190.10','3128',''),(377,'377','104.252.179.89','3128',''),(378,'378','156.227.14.105','3128',''),(379,'379','192.177.163.122','3128',''),(380,'380','104.252.179.173','3128',''),(381,'381','192.177.160.195','3128',''),(382,'382','23.94.222.198','3128',''),(383,'383','166.88.122.253','3128',''),(384,'384','172.121.142.48','3128',''),(385,'385','23.95.49.236','3128',''),(386,'386','23.95.49.188','3128',''),(387,'387','142.252.26.104','3128',''),(388,'388','192.177.160.63','3128',''),(389,'389','192.177.163.182','3128',''),(390,'390','23.94.227.211','3128',''),(391,'391','23.95.63.55','3128',''),(392,'392','142.252.26.128','3128',''),(393,'393','192.177.188.94','3128',''),(394,'394','192.177.160.51','3128',''),(395,'395','192.177.186.233','3128',''),(396,'396','23.94.222.228','3128',''),(397,'397','136.0.95.200','3128',''),(398,'398','45.146.131.194','3128',''),(399,'399','45.146.131.206','3128',''),(400,'400','192.177.165.133','3128',''),(401,'401','104.252.179.119','3128',''),(402,'402','142.252.198.142','3128',''),(403,'403','104.252.179.221','3128',''),(404,'404','172.121.142.132','3128',''),(405,'405','23.94.180.14','3128',''),(406,'406','23.94.180.80','3128',''),(407,'407','192.177.163.140','3128',''),(408,'408','104.252.179.29','3128',''),(409,'409','23.95.16.101','3128',''),(410,'410','142.252.223.105','3128',''),(411,'411','23.94.230.84','3128',''),(412,'412','142.252.26.248','3128',''),(413,'413','23.94.227.175','3128',''),(414,'414','156.227.14.189','3128',''),(415,'415','23.95.16.23','3128',''),(416,'416','209.127.76.54','3128',''),(417,'417','45.199.132.71','3128',''),(418,'418','142.252.26.74','3128',''),(419,'419','23.94.238.142','3128',''),(420,'420','192.177.186.185','3128',''),(421,'421','45.146.131.170','3128',''),(422,'422','192.177.165.97','3128',''),(423,'423','192.177.163.158','3128',''),(424,'424','23.95.16.113','3128',''),(425,'425','156.227.14.99','3128',''),(426,'426','23.95.63.37','3128',''),(427,'427','142.252.198.148','3128',''),(428,'428','23.94.238.220','3128',''),(429,'429','142.252.26.122','3128',''),(430,'430','166.88.122.193','3128',''),(431,'431','142.252.223.177','3128',''),(432,'432','142.252.198.58','3128',''),(433,'433','104.252.179.41','3128',''),(434,'434','45.199.132.149','3128',''),(435,'435','23.95.183.75','3128',''),(436,'436','142.252.223.147','3128',''),(437,'437','192.177.160.57','3128',''),(438,'438','142.252.198.166','3128',''),(439,'439','142.252.198.118','3128',''),(440,'440','192.177.160.219','3128',''),(441,'441','192.177.165.175','3128',''),(442,'442','23.94.230.12','3128',''),(443,'443','45.199.132.77','3128',''),(444,'444','192.177.163.128','3128',''),(445,'445','172.121.142.84','3128',''),(446,'446','23.94.213.239','3128',''),(447,'447','23.94.247.138','3128',''),(448,'448','192.177.188.82','3128',''),(449,'449','192.177.165.217','3128',''),(450,'450','156.227.14.81','3128',''),(451,'451','142.252.26.200','3128',''),(452,'452','45.146.131.134','3128',''),(453,'453','192.177.165.241','3128',''),(454,'454','156.227.14.171','3128',''),(455,'455','166.88.122.247','3128',''),(456,'456','142.252.26.242','3128',''),(457,'457','23.94.213.161','3128',''),(458,'458','172.121.142.78','3128',''),(459,'459','23.94.238.154','3128',''),(460,'460','23.95.69.178','3128',''),(461,'461','192.177.188.10','3128',''),(462,'462','136.0.95.146','3128',''),(463,'463','142.252.26.158','3128',''),(464,'464','192.177.160.129','3128',''),(465,'465','23.95.69.226','3128',''),(466,'466','23.94.213.203','3128',''),(467,'467','23.95.63.61','3128',''),(468,'468','192.177.186.35','3128',''),(469,'469','156.227.14.135','3128',''),(470,'470','156.227.14.87','3128',''),(471,'471','23.94.247.234','3128',''),(472,'472','192.177.188.40','3128',''),(473,'473','23.94.227.235','3128',''),(474,'474','142.252.198.226','3128',''),(475,'475','23.94.180.116','3128',''),(476,'476','156.227.14.159','3128',''),(477,'477','45.146.131.146','3128',''),(478,'478','45.199.132.83','3128',''),(479,'479','23.94.230.102','3128',''),(480,'480','45.199.132.95','3128',''),(481,'481','142.252.223.183','3128',''),(482,'482','142.252.198.244','3128',''),(483,'483','142.252.26.98','3128',''),(484,'484','45.199.132.101','3128',''),(485,'485','45.146.131.20','3128',''),(486,'486','23.94.247.156','3128',''),(487,'487','142.252.26.86','3128',''),(488,'488','192.177.188.196','3128',''),(489,'489','192.177.160.69','3128',''),(490,'490','23.95.69.148','3128',''),(491,'491','23.94.247.144','3128',''),(492,'492','23.95.63.103','3128',''),(493,'493','23.94.227.241','3128',''),(494,'494','104.252.179.215','3128',''),(495,'495','192.177.165.31','3128',''),(496,'496','142.252.223.15','3128',''),(497,'497','192.177.160.231','3128',''),(498,'498','38.15.149.8','3128',''),(499,'499','166.88.122.19','3128',''),(500,'500','192.177.186.209','3128',''),(501,'501','23.94.237.201','3128',''),(502,'502','23.95.190.28','3128',''),(503,'503','45.199.132.155','3128',''),(504,'504','23.94.213.245','3128',''),(505,'505','142.252.223.93','3128',''),(506,'506','23.95.190.58','3128',''),(507,'507','38.15.148.45','3128',''),(508,'508','192.177.188.118','3128',''),(509,'509','192.177.165.223','3128',''),(510,'510','45.199.132.173','3128',''),(511,'511','23.94.180.68','3128',''),(512,'512','156.227.14.195','3128',''),(513,'513','23.95.63.73','3128',''),(514,'514','142.252.223.51','3128',''),(515,'515','166.88.122.91','3128',''),(516,'516','192.177.163.200','3128',''),(517,'517','192.177.163.2','3128',''),(518,'518','45.146.131.212','3128',''),(519,'519','192.177.186.5','3128',''),(520,'520','166.88.122.55','3128',''),(521,'521','104.252.179.155','3128',''),(522,'522','142.252.198.34','3128',''),(523,'523','23.94.242.87','3128',''),(524,'524','38.15.148.189','3128',''),(525,'525','23.94.247.210','3128',''),(526,'526','23.95.49.140','3128',''),(527,'527','45.199.132.53','3128',''),(528,'528','209.127.76.11','3128',''),(529,'529','23.94.213.149','3128',''),(530,'530','209.127.39.92','3128',''),(531,'531','192.177.160.33','3128',''),(532,'532','23.94.230.126','3128',''),(533,'533','23.95.190.88','3128',''),(534,'534','23.95.183.105','3128',''),(535,'535','192.177.188.106','3128',''),(536,'536','45.146.131.230','3128',''),(537,'537','23.95.49.224','3128',''),(538,'538','38.15.148.177','3128',''),(539,'539','45.146.131.26','3128',''),(540,'540','104.252.179.167','3128',''),(541,'541','142.252.198.130','3128',''),(542,'542','142.252.26.14','3128',''),(543,'543','142.252.26.26','3128',''),(544,'544','192.177.188.160','3128',''),(545,'545','142.252.26.218','3128',''),(546,'546','38.15.148.165','3128',''),(547,'547','156.227.14.165','3128',''),(548,'548','23.94.213.251','3128',''),(549,'549','192.177.186.77','3128',''),(550,'550','23.95.69.154','3128',''),(551,'551','209.127.39.104','3128',''),(552,'552','23.95.69.130','3128',''),(553,'553','45.199.132.41','3128',''),(554,'554','23.94.230.72','3128',''),(555,'555','23.95.16.11','3128',''),(556,'556','104.252.179.23','3128',''),(557,'557','104.252.179.101','3128',''),(558,'558','23.94.227.139','3128',''),(559,'559','23.94.227.223','3128',''),(560,'560','172.121.142.126','3128',''),(561,'561','23.94.213.227','3128',''),(562,'562','136.0.95.8','3128',''),(563,'563','142.252.198.184','3128',''),(564,'564','23.94.238.130','3128',''),(565,'565','23.94.237.207','3128',''),(566,'566','156.227.14.3','3128',''),(567,'567','166.88.122.13','3128',''),(568,'568','142.252.198.112','3128',''),(569,'569','192.177.186.65','3128',''),(570,'570','23.94.213.131','3128',''),(571,'571','192.177.160.99','3128',''),(572,'572','142.252.223.99','3128',''),(573,'573','156.227.14.45','3128',''),(574,'574','192.177.163.206','3128',''),(575,'575','23.94.247.180','3128',''),(576,'576','23.95.49.200','3128',''),(577,'577','23.95.49.248','3128',''),(578,'578','166.88.122.157','3128',''),(579,'579','209.127.76.74','3128',''),(580,'580','142.252.198.28','3128',''),(581,'581','23.94.213.215','3128',''),(582,'582','23.94.213.137','3128',''),(583,'583','172.121.142.138','3128',''),(584,'584','104.252.179.17','3128',''),(585,'585','166.88.122.181','3128',''),(586,'586','192.177.188.70','3128',''),(587,'587','192.177.186.113','3128',''),(588,'588','192.177.188.58','3128',''),(589,'589','192.177.186.251','3128',''),(590,'590','23.94.222.150','3128',''),(591,'591','45.146.131.224','3128',''),(592,'592','192.177.163.134','3128',''),(593,'593','142.252.26.68','3128',''),(594,'594','192.177.165.151','3128',''),(595,'595','23.94.180.32','3128',''),(596,'596','45.146.131.92','3128',''),(597,'597','23.94.222.240','3128',''),(598,'598','45.199.132.221','3128',''),(599,'599','192.177.160.93','3128',''),(600,'600','23.95.190.106','3128',''),(601,'601','38.15.148.129','3128',''),(602,'602','142.252.26.110','3128',''),(603,'603','142.252.198.40','3128',''),(604,'604','192.177.163.92','3128',''),(605,'605','23.94.238.226','3128',''),(606,'606','192.177.188.88','3128',''),(607,'607','23.95.183.3','3128',''),(608,'608','23.94.230.90','3128',''),(609,'609','192.177.163.236','3128',''),(610,'610','23.95.69.190','3128',''),(611,'611','192.177.186.191','3128',''),(612,'612','23.94.227.199','3128',''),(613,'613','142.252.198.100','3128',''),(614,'614','192.177.163.14','3128',''),(615,'615','23.95.63.31','3128',''),(616,'616','156.227.14.225','3128',''),(617,'617','23.95.190.118','3128',''),(618,'618','156.227.14.51','3128',''),(619,'619','192.177.188.178','3128',''),(620,'620','192.177.163.164','3128',''),(621,'621','23.94.237.249','3128',''),(622,'622','166.88.122.235','3128',''),(623,'623','166.88.122.79','3128',''),(624,'624','23.94.213.155','3128',''),(625,'625','156.227.14.69','3128',''),(626,'626','142.252.26.206','3128',''),(627,'627','192.177.186.215','3128',''),(628,'628','166.88.122.109','3128',''),(629,'629','23.94.230.114','3128',''),(630,'630','142.252.26.134','3128',''),(631,'631','23.94.230.108','3128',''),(632,'632','192.177.160.105','3128',''),(633,'633','23.94.230.6','3128',''),(634,'634','23.94.242.3','3128',''),(635,'635','23.94.222.156','3128',''),(636,'636','23.94.230.60','3128',''),(637,'637','142.252.223.123','3128',''),(638,'638','104.252.179.161','3128',''),(639,'639','166.88.122.85','3128',''),(640,'640','23.95.69.232','3128',''),(641,'641','142.252.26.2','3128',''),(642,'642','156.227.14.123','3128',''),(643,'643','23.94.222.192','3128',''),(644,'644','192.177.160.123','3128',''),(645,'645','23.95.16.77','3128',''),(646,'646','23.94.242.9','3128',''),(647,'647','23.95.63.115','3128',''),(648,'648','142.252.26.8','3128',''),(649,'649','45.199.132.113','3128',''),(650,'650','142.252.198.94','3128',''),(651,'651','38.15.148.33','3128',''),(652,'652','23.95.49.242','3128',''),(653,'653','192.177.160.27','3128',''),(654,'654','192.177.186.107','3128',''),(655,'655','156.227.14.237','3128',''),(656,'656','192.177.165.73','3128',''),(657,'657','142.252.223.153','3128',''),(658,'658','192.177.165.253','3128',''),(659,'659','192.177.188.46','3128',''),(660,'660','23.95.69.172','3128',''),(661,'661','192.177.165.25','3128',''),(662,'662','192.177.160.111','3128',''),(663,'663','136.0.95.128','3128',''),(664,'664','172.121.142.102','3128',''),(665,'665','23.94.247.150','3128',''),(666,'666','172.121.142.234','3128',''),(667,'667','192.177.165.7','3128',''),(668,'668','45.146.131.62','3128',''),(669,'669','23.95.16.59','3128',''),(670,'670','136.0.95.122','3128',''),(671,'671','192.177.163.80','3128',''),(672,'672','136.0.95.14','3128',''),(673,'673','104.252.179.11','3128',''),(674,'674','166.88.122.49','3128',''),(675,'675','23.94.213.191','3128',''),(676,'676','156.227.14.147','3128',''),(677,'677','172.121.142.96','3128',''),(678,'678','23.94.222.210','3128',''),(679,'679','38.15.148.141','3128',''),(680,'680','45.146.131.176','3128',''),(681,'681','23.95.69.238','3128',''),(682,'682','45.146.131.242','3128',''),(683,'683','23.94.180.56','3128',''),(684,'684','23.94.222.132','3128',''),(685,'685','23.95.183.93','3128',''),(686,'686','23.95.16.53','3128',''),(687,'687','23.94.180.86','3128',''),(688,'688','166.88.122.115','3128',''),(689,'689','192.177.186.41','3128',''),(690,'690','142.252.198.106','3128',''),(691,'691','23.95.183.63','3128',''),(692,'692','192.177.163.98','3128',''),(693,'693','156.227.14.231','3128',''),(694,'694','192.177.165.109','3128',''),(695,'695','45.146.131.68','3128',''),(696,'696','23.95.183.123','3128',''),(697,'697','104.252.179.71','3128',''),(698,'698','192.177.186.197','3128',''),(699,'699','23.94.247.204','3128',''),(700,'700','142.252.198.178','3128',''),(701,'701','23.94.247.186','3128',''),(702,'702','192.177.163.152','3128',''),(703,'703','23.95.16.47','3128',''),(704,'704','23.94.222.246','3128',''),(705,'705','23.94.238.250','3128',''),(706,'706','172.121.142.54','3128',''),(707,'707','192.177.165.43','3128',''),(708,'708','38.15.149.20','3128',''),(709,'709','23.95.69.244','3128',''),(710,'710','23.95.49.182','3128',''),(711,'711','192.177.186.245','3128',''),(712,'712','23.94.237.195','3128',''),(713,'713','142.252.223.27','3128',''),(714,'714','142.252.26.44','3128',''),(715,'715','142.252.26.236','3128',''),(716,'716','192.177.188.154','3128',''),(717,'717','166.88.122.43','3128',''),(718,'718','136.0.95.56','3128',''),(719,'719','23.94.227.163','3128',''),(720,'720','45.199.132.125','3128',''),(721,'721','142.252.223.171','3128',''),(722,'722','192.177.163.218','3128',''),(723,'723','166.88.122.121','3128',''),(724,'724','45.199.132.107','3128',''),(725,'725','23.95.16.119','3128',''),(726,'726','38.15.149.32','3128',''),(727,'727','45.199.132.251','3128',''),(728,'728','192.177.186.17','3128',''),(729,'729','23.94.238.190','3128',''),(730,'730','209.127.31.171','3128',''),(731,'731','192.177.188.214','3128',''),(732,'732','156.227.14.57','3128',''),(733,'733','23.94.227.205','3128',''),(734,'734','192.177.188.64','3128',''),(735,'735','209.127.76.118','3128',''),(736,'736','38.15.148.237','3128',''),(737,'737','192.177.165.139','3128',''),(738,'738','38.15.148.117','3128',''),(739,'739','23.94.247.198','3128',''),(740,'740','136.0.95.140','3128',''),(741,'741','23.94.180.92','3128',''),(742,'742','45.199.132.185','3128',''),(743,'743','192.177.163.56','3128',''),(744,'744','166.88.122.151','3128',''),(745,'745','23.94.237.165','3128',''),(746,'746','192.177.188.136','3128',''),(747,'747','172.121.142.18','3128',''),(748,'748','23.95.49.194','3128',''),(749,'749','166.88.122.67','3128',''),(750,'750','192.177.163.230','3128',''),(751,'751','192.177.188.28','3128',''),(752,'752','192.177.163.170','3128',''),(753,'753','104.252.179.137','3128',''),(754,'754','23.95.63.13','3128',''),(755,'755','192.177.165.169','3128',''),(756,'756','192.177.160.237','3128',''),(757,'757','23.95.49.158','3128',''),(758,'758','142.252.26.80','3128',''),(759,'759','23.94.237.243','3128',''),(760,'760','142.252.198.64','3128',''),(761,'761','23.94.180.62','3128',''),(762,'762','209.127.76.0','3128',''),(763,'763','23.94.222.222','3128',''),(764,'764','136.0.95.92','3128',''),(765,'765','142.252.26.254','3128',''),(766,'766','23.95.69.214','3128',''),(767,'767','192.177.188.100','3128',''),(768,'768','166.88.122.229','3128',''),(769,'769','192.177.186.125','3128',''),(770,'770','23.94.247.162','3128',''),(771,'771','192.177.165.115','3128',''),(772,'772','156.227.14.183','3128',''),(773,'773','172.121.142.120','3128',''),(774,'774','142.252.223.201','3128',''),(775,'775','38.15.148.201','3128',''),(776,'776','192.177.165.19','3128',''),(777,'777','23.95.190.82','3128',''),(778,'778','23.94.230.30','3128',''),(779,'779','156.227.14.243','3128',''),(780,'780','23.94.180.104','3128',''),(781,'781','23.94.227.181','3128',''),(782,'782','136.0.95.50','3128',''),(783,'783','45.146.131.38','3128',''),(784,'784','142.252.223.33','3128',''),(785,'785','45.146.131.128','3128',''),(786,'786','156.227.14.33','3128',''),(787,'787','192.177.186.143','3128',''),(788,'788','156.227.14.21','3128',''),(789,'789','23.95.49.134','3128',''),(790,'790','192.177.160.141','3128',''),(791,'791','23.95.16.65','3128',''),(792,'792','104.252.179.131','3128',''),(793,'793','192.177.160.75','3128',''),(794,'794','172.121.142.6','3128',''),(795,'795','23.95.201.5','3128',''),(796,'796','45.199.132.215','3128',''),(797,'797','23.95.49.164','3128',''),(798,'798','192.177.165.127','3128',''),(799,'799','23.94.213.185','3128',''),(800,'800','192.177.163.242','3128',''),(801,'801','38.15.148.153','3128',''),(802,'802','104.252.179.107','3128',''),(803,'803','172.121.142.192','3128',''),(804,'804','142.252.223.63','3128',''),(805,'805','104.252.179.233','3128',''),(806,'806','23.94.230.66','3128',''),(807,'807','23.94.222.138','3128',''),(808,'808','23.94.237.237','3128',''),(809,'809','23.95.183.99','3128',''),(810,'810','192.177.160.171','3128',''),(811,'811','166.88.122.211','3128',''),(812,'812','136.0.95.134','3128',''),(813,'813','192.177.160.225','3128',''),(814,'814','23.94.242.81','3128',''),(815,'815','192.177.188.130','3128',''),(816,'816','192.177.188.124','3128',''),(817,'817','23.94.237.189','3128',''),(818,'818','192.177.165.235','3128',''),(819,'819','104.252.179.65','3128',''),(820,'820','192.177.186.203','3128',''),(821,'821','172.121.142.24','3128',''),(822,'822','23.94.247.192','3128',''),(823,'823','192.177.188.52','3128',''),(824,'824','156.227.14.207','3128',''),(825,'825','142.252.198.70','3128',''),(826,'826','104.252.179.77','3128',''),(827,'827','192.177.188.190','3128',''),(828,'828','45.199.132.191','3128',''),(829,'829','45.146.131.236','3128',''),(830,'830','142.252.26.32','3128',''),(831,'831','136.0.95.116','3128',''),(832,'832','172.121.142.30','3128',''),(833,'833','166.88.122.145','3128',''),(834,'834','172.121.142.66','3128',''),(835,'835','142.252.223.9','3128',''),(836,'836','23.94.242.63','3128',''),(837,'837','45.199.132.197','3128',''),(838,'838','104.252.179.245','3128',''),(839,'839','192.177.160.183','3128',''),(840,'840','23.95.190.16','3128',''),(841,'841','23.95.201.23','3128',''),(842,'842','166.88.122.73','3128',''),(843,'843','209.127.39.116','3128',''),(844,'844','142.252.223.141','3128',''),(845,'845','104.252.179.95','3128',''),(846,'846','45.146.131.98','3128',''),(847,'847','104.252.179.191','3128',''),(848,'848','23.95.183.21','3128',''),(849,'849','156.227.14.75','3128',''),(850,'850','45.146.131.50','3128',''),(851,'851','45.199.132.209','3128',''),(852,'852','23.94.222.216','3128',''),(853,'853','23.95.190.64','3128',''),(854,'854','192.177.186.227','3128',''),(855,'855','192.177.186.221','3128',''),(856,'856','23.95.69.142','3128',''),(857,'857','192.177.163.8','3128',''),(858,'858','23.94.242.105','3128',''),(859,'859','166.88.122.97','3128',''),(860,'860','23.94.242.117','3128',''),(861,'861','156.227.14.63','3128',''),(862,'862','192.177.163.194','3128',''),(863,'863','192.177.188.148','3128',''),(864,'864','192.177.188.34','3128',''),(865,'865','156.227.14.27','3128',''),(866,'866','192.177.165.61','3128',''),(867,'867','192.177.163.254','3128',''),(868,'868','23.95.69.184','3128',''),(869,'869','136.0.95.188','3128',''),(870,'870','192.177.165.13','3128',''),(871,'871','192.177.186.131','3128',''),(872,'872','192.177.188.16','3128',''),(873,'873','166.88.122.7','3128',''),(874,'874','45.146.131.2','3128',''),(875,'875','192.177.186.71','3128',''),(876,'876','142.252.223.3','3128',''),(877,'877','172.121.142.72','3128',''),(878,'878','142.252.26.194','3128',''),(879,'879','142.252.223.45','3128',''),(880,'880','136.0.95.38','3128',''),(881,'881','45.199.132.245','3128',''),(882,'882','45.199.132.17','3128',''),(883,'883','192.177.188.76','3128',''),(884,'884','166.88.122.103','3128',''),(885,'885','45.146.131.140','3128',''),(886,'886','23.94.230.42','3128',''),(887,'887','104.252.179.5','3128',''),(888,'888','23.95.201.17','3128',''),(889,'889','23.94.247.132','3128',''),(890,'890','23.95.190.70','3128',''),(891,'891','192.177.163.224','3128',''),(892,'892','192.177.188.238','3128',''),(893,'893','45.146.131.44','3128',''),(894,'894','136.0.95.62','3128',''),(895,'895','23.95.201.35','3128',''),(896,'896','45.199.132.59','3128',''),(897,'897','192.177.160.3','3128',''),(898,'898','38.15.148.69','3128',''),(899,'899','142.252.26.164','3128',''),(900,'900','192.177.160.87','3128',''),(901,'901','23.94.237.147','3128',''),(902,'902','192.177.165.229','3128',''),(903,'903','23.94.238.232','3128',''),(904,'904','172.121.142.180','3128',''),(905,'905','172.121.142.222','3128',''),(906,'906','166.88.122.175','3128',''),(907,'907','23.94.230.54','3128',''),(908,'908','23.95.16.107','3128',''),(909,'909','192.177.186.23','3128',''),(910,'910','142.252.198.202','3128',''),(911,'911','23.94.242.93','3128',''),(912,'912','23.95.63.43','3128',''),(913,'913','23.94.247.252','3128',''),(914,'914','192.177.188.250','3128',''),(915,'915','172.121.142.228','3128',''),(916,'916','23.94.238.172','3128',''),(917,'917','23.94.180.50','3128',''),(918,'918','192.177.186.173','3128',''),(919,'919','45.146.131.86','3128',''),(920,'920','23.94.247.228','3128',''),(921,'921','142.252.223.87','3128',''),(922,'922','142.252.198.16','3128',''),(923,'923','23.94.242.15','3128',''),(924,'924','142.252.223.21','3128',''),(925,'925','192.177.160.81','3128',''),(926,'926','172.121.142.36','3128',''),(927,'927','38.15.148.225','3128',''),(928,'928','23.94.238.238','3128',''),(929,'929','172.121.142.216','3128',''),(930,'930','23.94.247.240','3128',''),(931,'931','192.177.165.37','3128',''),(932,'932','23.94.230.96','3128',''),(933,'933','23.94.238.244','3128',''),(934,'934','23.94.247.246','3128',''),(935,'935','142.252.198.232','3128',''),(936,'936','23.94.213.179','3128',''),(937,'937','23.94.237.219','3128',''),(938,'938','172.121.142.198','3128',''),(939,'939','23.94.222.252','3128',''),(940,'940','23.94.180.74','3128',''),(941,'941','192.177.160.117','3128',''),(942,'942','45.146.131.188','3128',''),(943,'943','192.177.186.161','3128',''),(944,'944','192.177.163.188','3128',''),(945,'945','23.94.242.33','3128',''),(946,'946','23.94.230.18','3128',''),(947,'947','23.94.237.153','3128',''),(948,'948','192.177.165.199','3128',''),(949,'949','45.199.132.179','3128',''),(950,'950','136.0.95.74','3128',''),(951,'951','136.0.95.110','3128',''),(952,'952','142.252.198.22','3128',''),(953,'953','38.15.148.21','3128',''),(954,'954','192.177.165.121','3128',''),(955,'955','23.95.190.100','3128',''),(956,'956','142.252.223.243','3128',''),(957,'957','136.0.95.80','3128',''),(958,'958','38.15.148.249','3128',''),(959,'959','142.252.198.190','3128',''),(960,'960','136.0.95.26','3128',''),(961,'961','23.95.63.79','3128',''),(962,'962','166.88.122.217','3128',''),(963,'963','156.227.14.9','3128',''),(964,'964','192.177.186.101','3128',''),(965,'965','23.94.180.110','3128',''),(966,'966','23.95.183.69','3128',''),(967,'967','166.88.122.223','3128',''),(968,'968','23.95.201.47','3128',''),(969,'969','192.177.165.247','3128',''),(970,'970','142.252.198.76','3128',''),(971,'971','156.227.14.219','3128',''),(972,'972','136.0.95.194','3128',''),(973,'973','136.0.95.20','3128',''),(974,'974','142.252.223.213','3128',''),(975,'975','192.177.165.193','3128',''),(976,'976','45.199.132.65','3128',''),(977,'977','23.94.227.247','3128',''),(978,'978','209.127.39.68','3128',''),(979,'979','156.227.14.111','3128',''),(980,'980','45.199.132.137','3128',''),(981,'981','23.95.16.95','3128',''),(982,'982','192.177.163.176','3128',''),(983,'983','38.15.148.81','3128',''),(984,'984','23.95.190.94','3128',''),(985,'985','136.0.95.170','3128',''),(986,'986','45.146.131.8','3128',''),(987,'987','104.252.179.239','3128',''),(988,'988','23.95.183.117','3128',''),(989,'989','23.95.190.112','3128',''),(990,'990','142.252.223.165','3128',''),(991,'991','192.177.188.22','3128',''),(992,'992','38.15.148.105','3128',''),(993,'993','23.94.238.178','3128',''),(994,'994','209.127.31.149','3128',''),(995,'995','192.177.165.187','3128',''),(996,'996','136.0.95.44','3128',''),(997,'997','172.121.142.156','3128',''),(998,'998','136.0.95.164','3128',''),(999,'999','23.95.69.202','3128',''),(1000,'1000','23.94.238.208','3128',''),(1001,'1001','23.95.63.19','3128',''),(1002,'1002','192.177.163.212','3128',''),(1003,'1003','104.252.179.227','3128',''),(1004,'1004','192.177.163.50','3128','');
/*!40000 ALTER TABLE `appium_proxy_tbl` ENABLE KEYS */;
UNLOCK TABLES;

--
-- Table structure for table `sent_msg`
--

DROP TABLE IF EXISTS `sent_msg`;
/*!40101 SET @saved_cs_client     = @@character_set_client */;
/*!50503 SET character_set_client = utf8mb4 */;
CREATE TABLE `sent_msg` (
  `id` int NOT NULL AUTO_INCREMENT,
  `container_name` varchar(255) NOT NULL,
  `container_port` varchar(255) NOT NULL,
  `fromNum` varchar(255) NOT NULL,
  `toNum` varchar(255) NOT NULL,
  `msg` varchar(255) NOT NULL,
  `createdAt` datetime NOT NULL,
  PRIMARY KEY (`id`)
) ENGINE=InnoDB AUTO_INCREMENT=9 DEFAULT CHARSET=utf8mb4 COLLATE=utf8mb4_0900_ai_ci;
/*!40101 SET character_set_client = @saved_cs_client */;

--
-- Dumping data for table `sent_msg`
--

LOCK TABLES `sent_msg` WRITE;
/*!40000 ALTER TABLE `sent_msg` DISABLE KEYS */;
INSERT INTO `sent_msg` VALUES (1,'c9584207606','2060','919584207606','917697634314','hii','2023-10-23 08:35:39'),(2,'c9584207606','2060','919584207606','917697634314','hii','2023-10-23 10:18:55'),(3,'c9584207606','7059','919584207606','917697634314','hii','2023-10-23 10:20:20'),(4,'c9584207606','7059','919584207606','917697634314','hii','2023-10-23 10:31:13'),(5,'c733587210','7064','967733587210','447583127852','ThisAutoMateMSG','2023-10-23 10:41:30'),(6,'c9584207606','7059','919584207606','917999452711','hii','2023-10-25 10:42:44'),(7,'c9584207606','7059','919584207606','917697634314','hii','2023-10-25 10:45:03'),(8,'c9584207606','7059','919584207606','917697634314','hii','2023-11-10 08:48:06');
/*!40000 ALTER TABLE `sent_msg` ENABLE KEYS */;
UNLOCK TABLES;

--
-- Table structure for table `user_tbl`
--

DROP TABLE IF EXISTS `user_tbl`;
/*!40101 SET @saved_cs_client     = @@character_set_client */;
/*!50503 SET character_set_client = utf8mb4 */;
CREATE TABLE `user_tbl` (
  `id` int NOT NULL AUTO_INCREMENT,
  `username` varchar(50) NOT NULL,
  `password` varchar(50) NOT NULL,
  PRIMARY KEY (`id`)
) ENGINE=InnoDB AUTO_INCREMENT=2 DEFAULT CHARSET=utf8mb4 COLLATE=utf8mb4_0900_ai_ci;
/*!40101 SET character_set_client = @saved_cs_client */;

--
-- Dumping data for table `user_tbl`
--

LOCK TABLES `user_tbl` WRITE;
/*!40000 ALTER TABLE `user_tbl` DISABLE KEYS */;
INSERT INTO `user_tbl` VALUES (1,'appium_whatsapp','appium_whatsapp');
/*!40000 ALTER TABLE `user_tbl` ENABLE KEYS */;
UNLOCK TABLES;
/*!40103 SET TIME_ZONE=@OLD_TIME_ZONE */;

/*!40101 SET SQL_MODE=@OLD_SQL_MODE */;
/*!40014 SET FOREIGN_KEY_CHECKS=@OLD_FOREIGN_KEY_CHECKS */;
/*!40014 SET UNIQUE_CHECKS=@OLD_UNIQUE_CHECKS */;
/*!40101 SET CHARACTER_SET_CLIENT=@OLD_CHARACTER_SET_CLIENT */;
/*!40101 SET CHARACTER_SET_RESULTS=@OLD_CHARACTER_SET_RESULTS */;
/*!40101 SET COLLATION_CONNECTION=@OLD_COLLATION_CONNECTION */;
/*!40111 SET SQL_NOTES=@OLD_SQL_NOTES */;

-- Dump completed on 2024-05-31 12:04:03
