-- MySQL dump 10.13  Distrib 8.0.36, for Linux (x86_64)
--
-- Host: localhost    Database: whatsapp_db
-- ------------------------------------------------------
-- Server version	8.0.36-0ubuntu0.22.04.1

/*!40101 SET @OLD_CHARACTER_SET_CLIENT=@@CHARACTER_SET_CLIENT */;
/*!40101 SET @OLD_CHARACTER_SET_RESULTS=@@CHARACTER_SET_RESULTS */;
/*!40101 SET @OLD_COLLATION_CONNECTION=@@COLLATION_CONNECTION */;
/*!50503 SET NAMES utf8mb4 */;
/*!40103 SET @OLD_TIME_ZONE=@@TIME_ZONE */;
/*!40103 SET TIME_ZONE='+00:00' */;
/*!40014 SET @OLD_UNIQUE_CHECKS=@@UNIQUE_CHECKS, UNIQUE_CHECKS=0 */;
/*!40014 SET @OLD_FOREIGN_KEY_CHECKS=@@FOREIGN_KEY_CHECKS, FOREIGN_KEY_CHECKS=0 */;
/*!40101 SET @OLD_SQL_MODE=@@SQL_MODE, SQL_MODE='NO_AUTO_VALUE_ON_ZERO' */;
/*!40111 SET @OLD_SQL_NOTES=@@SQL_NOTES, SQL_NOTES=0 */;

--
-- Table structure for table `doc_reg_tbl`
--

DROP TABLE IF EXISTS `doc_reg_tbl`;
/*!40101 SET @saved_cs_client     = @@character_set_client */;
/*!50503 SET character_set_client = utf8mb4 */;
CREATE TABLE `doc_reg_tbl` (
  `id` int unsigned NOT NULL AUTO_INCREMENT,
  `doc_cont_id` varchar(50) DEFAULT NULL,
  `cont_status` varchar(50) DEFAULT NULL,
  `wa_no` varchar(20) DEFAULT NULL,
  `proxy_id` int unsigned DEFAULT NULL,
  `is_wa_reg` varchar(50) DEFAULT NULL,
  `otp_status` varchar(50) DEFAULT NULL,
  `resent_otp` varchar(50) CHARACTER SET latin1 COLLATE latin1_swedish_ci DEFAULT NULL,
  `doc_status` varchar(50) NOT NULL DEFAULT '0',
  `vnc_ip` varchar(50) DEFAULT NULL,
  `vnc_con_port` varchar(50) DEFAULT NULL,
  `vnc_username` varchar(50) DEFAULT NULL,
  `vnc_pass` varchar(50) DEFAULT NULL,
  `vnc_port_cli` varchar(50) DEFAULT NULL,
  `reg_timestamp` timestamp NOT NULL DEFAULT CURRENT_TIMESTAMP ON UPDATE CURRENT_TIMESTAMP,
  PRIMARY KEY (`id`)
) ENGINE=InnoDB AUTO_INCREMENT=277 DEFAULT CHARSET=latin1;
/*!40101 SET character_set_client = @saved_cs_client */;

--
-- Dumping data for table `doc_reg_tbl`
--

LOCK TABLES `doc_reg_tbl` WRITE;
/*!40000 ALTER TABLE `doc_reg_tbl` DISABLE KEYS */;
INSERT INTO `doc_reg_tbl` VALUES (194,'c7831281955','running','447831281955',28,'success','sent','sent','4','65.109.113.62','6018',NULL,NULL,'3018','2023-05-10 19:32:10'),(196,'c7831677442','running','447831677442',29,'success','sent','sent','2','65.109.113.62','6019',NULL,NULL,'3019','2023-05-11 22:51:04'),(198,'c2184024139','running','12184024139',30,'success','sent','sent','4','65.109.113.62','6021',NULL,NULL,'3021','2023-05-10 20:07:56'),(199,'c9062533562','running','19062533562',1,'success','sent','sent','4','65.109.113.62','6022',NULL,NULL,'3022','2023-05-11 22:40:26'),(200,'c469337360','running','47469337360',2,'success','sent','sent','4','65.109.113.62','6023',NULL,NULL,'3023','2023-05-11 22:40:21'),(201,'c6066195290','running','16066195290',3,'success','sent','sent','4','65.109.113.62','6024',NULL,NULL,'3024','2023-05-17 08:47:34'),(202,'c778897679','running','962778897679',4,'pending','sent','sent','4','65.109.113.62','6025',NULL,NULL,'3025','2023-05-13 18:14:58'),(203,'c778891458','running','962778891458',5,'pending','sent','sent','4','65.109.113.62','6026',NULL,NULL,'3026','2023-05-13 19:10:08'),(204,'c778890978','running','962778890978',6,'pending','sent','sent','4','65.109.113.62','6027',NULL,NULL,'3027','2023-05-13 19:36:30'),(239,'c788091234',NULL,'962788091234',21,'pending',NULL,NULL,'1','65.109.113.62','6042',NULL,NULL,'3042','2023-05-19 11:02:40'),(243,'c41612320','running','38641612320',7,'pending','sent','sent','4','65.109.113.62','6045',NULL,NULL,'3045','2023-05-19 11:28:49'),(244,'c41678925','running','38641678925',8,'pending','sent','sent','4','65.109.113.62','6046',NULL,NULL,'3046','2023-05-19 11:29:15'),(245,'c41623894','running','38641623894',9,'pending','sent','sent','4','65.109.113.62','6047',NULL,NULL,'3047','2023-05-21 13:22:43'),(252,'c7912617434',NULL,'9647912617434',10,'pending',NULL,NULL,'1','65.109.113.62','6048',NULL,NULL,'3048','2023-05-24 14:45:00'),(253,'c7812589778',NULL,'9647812589778',11,'pending',NULL,NULL,'1','65.109.113.62','6049',NULL,NULL,'3049','2023-05-24 14:45:30'),(254,'c7812525570',NULL,'9647812525570',12,'pending',NULL,NULL,'1','65.109.113.62','6050',NULL,NULL,'3050','2023-05-24 14:46:00'),(255,'c7912104671',NULL,'9647912104671',16,'pending',NULL,NULL,'1','65.109.113.62','6051',NULL,NULL,'3051','2023-05-24 14:46:30'),(256,'c7812490505',NULL,'9647812490505',17,'pending',NULL,NULL,'1','65.109.113.62','6052',NULL,NULL,'3052','2023-05-24 14:47:01'),(257,'c7812367111',NULL,'9647812367111',18,'pending',NULL,NULL,'1','65.109.113.62','6053',NULL,NULL,'3053','2023-05-24 14:47:30'),(258,'c7873569547','running','9647873569547',19,'pending','sent','sent','4','65.109.113.62','6054',NULL,NULL,'3054','2023-05-24 14:58:48'),(259,'c7812399856','running','9647812399856',20,'pending',NULL,NULL,'3','65.109.113.62','6055',NULL,NULL,'3055','2023-05-24 14:57:57'),(260,'c7912617434',NULL,'9647912617434',22,'pending',NULL,NULL,'1','65.109.113.62','6056',NULL,NULL,'3056','2023-05-24 14:49:04'),(261,'c7812589778',NULL,'9647812589778',23,'pending',NULL,NULL,'1','65.109.113.62','6057',NULL,NULL,'3057','2023-05-24 14:49:57'),(262,'c7812525570',NULL,'9647812525570',24,'pending',NULL,NULL,'1','65.109.113.62','6058',NULL,NULL,'3058','2023-05-24 14:51:47'),(263,'c7912104671',NULL,'9647912104671',25,'pending',NULL,NULL,'1','65.109.113.62','6059',NULL,NULL,'3059','2023-05-24 14:53:37'),(264,'c7812490505',NULL,'9647812490505',26,'pending',NULL,NULL,'1','65.109.113.62','6060',NULL,NULL,'3060','2023-05-24 14:54:08'),(265,'c7812367111',NULL,'9647812367111',27,'pending',NULL,NULL,'1','65.109.113.62','6061',NULL,NULL,'3061','2023-05-24 14:54:45'),(266,'c7873569547',NULL,'9647873569547',31,'pending','sent','sent','4','65.109.113.62','6062',NULL,NULL,'3062','2023-05-24 14:58:48'),(267,'c7812399856',NULL,'9647812399856',32,'pending',NULL,NULL,'3','65.109.113.62','6063',NULL,NULL,'3063','2023-05-24 14:57:57'),(269,'c9584207606','running','919584207606',33,'pending','sent','sent','4','65.109.113.62','6064',NULL,NULL,'3064','2023-05-26 23:06:57'),(270,'c7812353600','running','9647812353600',34,'pending','sent','sent','4','65.109.113.62','6065',NULL,NULL,'3065','2023-05-26 23:07:39'),(271,'c7812305740','running','9647812305740',35,'pending',NULL,NULL,'2','65.109.113.62','6066',NULL,NULL,'3066','2023-05-26 23:06:34'),(272,'c7812455935','running','9647812455935',36,'pending',NULL,NULL,'2','65.109.113.62','6067',NULL,NULL,'3067','2023-05-26 23:07:04'),(273,'c7812381422','running','9647812381422',37,'pending',NULL,NULL,'2','65.109.113.62','6068',NULL,NULL,'3068','2023-05-26 23:07:35'),(274,'c7812415759','running','9647812415759',38,'pending',NULL,NULL,'1','65.109.113.62','6069',NULL,NULL,'3069','2023-09-14 07:08:23'),(275,'c7999452711','running','917999452711',13,'pending','sent','sent','4','65.109.113.62','6070',NULL,NULL,'3070','2024-04-24 09:26:58'),(276,'c7999452711','running','917999452711',14,'pending','sent','sent','4','65.109.113.62','6071',NULL,NULL,'3071','2024-04-24 09:26:58');
/*!40000 ALTER TABLE `doc_reg_tbl` ENABLE KEYS */;
UNLOCK TABLES;

--
-- Table structure for table `doc_reg_tbl1`
--

DROP TABLE IF EXISTS `doc_reg_tbl1`;
/*!40101 SET @saved_cs_client     = @@character_set_client */;
/*!50503 SET character_set_client = utf8mb4 */;
CREATE TABLE `doc_reg_tbl1` (
  `id` int unsigned NOT NULL AUTO_INCREMENT,
  `doc_cont_id` varchar(50) DEFAULT NULL,
  `cont_status` varchar(50) DEFAULT NULL,
  `wa_no` varchar(20) DEFAULT NULL,
  `proxy_id` int unsigned DEFAULT NULL,
  `is_wa_reg` varchar(50) DEFAULT NULL,
  `otp_status` varchar(50) DEFAULT NULL,
  `resent_otp` varchar(50) CHARACTER SET latin1 COLLATE latin1_swedish_ci DEFAULT NULL,
  `doc_status` varchar(50) NOT NULL DEFAULT '0',
  `vnc_ip` varchar(50) DEFAULT NULL,
  `vnc_con_port` varchar(50) DEFAULT NULL,
  `vnc_username` varchar(50) DEFAULT NULL,
  `vnc_pass` varchar(50) DEFAULT NULL,
  `vnc_port_cli` varchar(50) DEFAULT NULL,
  `reg_timestamp` timestamp NOT NULL DEFAULT CURRENT_TIMESTAMP ON UPDATE CURRENT_TIMESTAMP,
  PRIMARY KEY (`id`)
) ENGINE=InnoDB AUTO_INCREMENT=154 DEFAULT CHARSET=latin1;
/*!40101 SET character_set_client = @saved_cs_client */;

--
-- Dumping data for table `doc_reg_tbl1`
--

LOCK TABLES `doc_reg_tbl1` WRITE;
/*!40000 ALTER TABLE `doc_reg_tbl1` DISABLE KEYS */;
INSERT INTO `doc_reg_tbl1` VALUES (15,'c127561225','running','249127561225',4,'success','read','NULL','7','65.109.113.62','5955',NULL,NULL,'2255','2023-04-04 20:26:18'),(20,'c127561147','running','249127561147',7,'success','read','NULL','7','65.109.113.62','5959',NULL,NULL,'2259','2023-09-14 07:09:19'),(23,'c127563406','running','249127563406',8,'pending','sent','NULL','7','65.109.113.62','5960',NULL,NULL,'2260','2023-09-14 07:09:08'),(25,'c127561086','running','249127561086',9,'success','read','NULL','7','65.109.113.62','5961',NULL,NULL,'2261','2023-09-14 07:09:05'),(26,'c127561139','running','249127561139',10,'pending','sent','sent','4','65.109.113.62','5962',NULL,NULL,'2262','2023-09-14 07:09:02'),(27,'c127561179','running','249127561179',11,'pending','sent','sent','4','65.109.113.62','5963',NULL,NULL,'2263','2023-09-14 07:08:59'),(28,'c127562730','running','249127562730',11,'pending',NULL,NULL,'1','65.109.113.62','5964',NULL,NULL,'2264','2023-09-14 07:08:56'),(29,'c127561095','running','249127561095',11,'pending','sent','sent','4','65.109.113.62','5964',NULL,NULL,'2264','2023-09-14 07:08:54'),(30,'c127562771','running','249127562771',12,'pending',NULL,NULL,'1','65.109.113.62','5964',NULL,NULL,'2264','2023-09-14 07:08:52'),(31,'c24772501','running','21624772501',13,'success','read','NULL','7','65.109.113.62','5956',NULL,NULL,'2265','2023-09-14 07:08:49'),(33,'c114204981','running','249114204981',14,'success','read',NULL,'7','65.109.113.62','5966',NULL,NULL,'2266','2023-09-14 07:08:46'),(35,'c796888283','running','962796888283',16,'pending','sent','sent','4','65.109.113.62','5968',NULL,NULL,'2268','2023-04-08 05:54:26'),(61,'c26251927','running','21626251927',15,'pending','sent','sent','4','65.109.113.62','5969',NULL,NULL,'2269','2023-04-04 23:59:22'),(67,'c620355923','running','224620355923',18,'success','read','sent','4','65.109.113.62','5972',NULL,NULL,'2272','2023-04-05 00:22:44'),(72,'c127561153','running','249127561153',1,'pending','sent','sent','4','65.109.113.62','5973',NULL,NULL,'2273','2023-04-18 21:14:27'),(73,'c127561190','running','249127561190',2,'pending','sent','sent','4','65.109.113.62','5974',NULL,NULL,'2274','2023-04-18 21:14:10'),(74,'c127563447',NULL,'249127563447',2,'pending',NULL,NULL,'1','65.109.113.62','5974',NULL,NULL,'2274','2023-04-18 21:11:20'),(75,'c127561187',NULL,'249127561187',2,'pending',NULL,NULL,'1','65.109.113.62','5974',NULL,NULL,'2274','2023-04-18 21:11:20'),(76,'c624171882','running','224624171882',2,'pending','sent','sent','4','65.109.113.62','5975',NULL,NULL,'2275','2023-04-18 21:14:27'),(77,'c624220198',NULL,'224624220198',2,'pending',NULL,NULL,'1','65.109.113.62','5975',NULL,NULL,'2275','2023-04-18 21:11:20'),(78,'c620533030','running','224620533030',3,'pending','sent','sent','4','65.109.113.62','5976',NULL,NULL,'2276','2023-04-18 21:14:25'),(79,'c777369690','running','94777369690',5,'pending','sent','sent','4','65.109.113.62','5977',NULL,NULL,'2277','2023-04-18 21:14:39'),(80,'c612234440',NULL,'224612234440',5,'pending',NULL,NULL,'1','65.109.113.62','5977',NULL,NULL,'2277','2023-04-18 21:11:20'),(81,'c766591106',NULL,'94766591106',5,'pending',NULL,NULL,'1','65.109.113.62','5977',NULL,NULL,'2277','2023-04-18 21:11:20'),(82,'c769489176',NULL,'94769489176',5,'pending',NULL,NULL,'1','65.109.113.62','5977',NULL,NULL,'2277','2023-04-18 21:11:20'),(83,'c768528042','running','94768528042',6,'pending','sent','sent','4','65.109.113.62','5978',NULL,NULL,'2278','2023-04-18 21:14:19'),(84,'c779021400',NULL,'94779021400',6,'pending',NULL,NULL,'1','65.109.113.62','5978',NULL,NULL,'2278','2023-04-18 21:11:20'),(85,'c779211030',NULL,'94779211030',6,'pending',NULL,NULL,'1','65.109.113.62','5978',NULL,NULL,'2278','2023-04-18 21:11:20'),(86,'c767801196',NULL,'94767801196',6,'pending',NULL,NULL,'1','65.109.113.62','5978',NULL,NULL,'2278','2023-04-18 21:11:20'),(87,'c769654601',NULL,'94769654601',6,'pending',NULL,NULL,'1','65.109.113.62','5978',NULL,NULL,'2278','2023-04-18 21:11:20'),(88,'c766171918','running','94766171918',17,'pending','sent','sent','4','65.109.113.62','5979',NULL,NULL,'2279','2023-04-18 21:14:36'),(89,'c773480143',NULL,'94773480143',17,'pending',NULL,NULL,'1','65.109.113.62','5979',NULL,NULL,'2279','2023-04-18 21:11:20'),(90,'c778219179',NULL,'94778219179',17,'pending',NULL,NULL,'1','65.109.113.62','5979',NULL,NULL,'2279','2023-04-18 21:11:20'),(91,'c774372694',NULL,'94774372694',17,'pending',NULL,NULL,'1','65.109.113.62','5979',NULL,NULL,'2279','2023-04-18 21:11:20'),(92,'c762600916',NULL,'94762600916',17,'pending',NULL,NULL,'1','65.109.113.62','5979',NULL,NULL,'2279','2023-04-18 21:11:20'),(93,'c777788837',NULL,'94777788837',17,'pending',NULL,NULL,'1','65.109.113.62','5979',NULL,NULL,'2279','2023-04-18 21:11:20'),(94,'c624220198',NULL,'224624220198',17,'pending',NULL,NULL,'1','65.109.113.62','5979',NULL,NULL,'2279','2023-04-18 21:11:20'),(95,'c624171882','running','224624171882',17,'pending','sent','sent','4','65.109.113.62','5979',NULL,NULL,'2279','2023-04-18 21:14:27'),(96,'c775398563',NULL,'94775398563',17,'pending',NULL,NULL,'1','65.109.113.62','5979',NULL,NULL,'2279','2023-04-18 21:11:20'),(97,'c770149962',NULL,'94770149962',17,'pending',NULL,NULL,'1','65.109.113.62','5979',NULL,NULL,'2279','2023-04-18 21:11:20'),(98,'c775014321',NULL,'94775014321',19,'pending',NULL,NULL,'1','65.109.113.62','5980',NULL,NULL,'2280','2023-04-18 21:11:21'),(99,'c620533030','running','224620533030',19,'pending','sent','sent','4','65.109.113.62','5980',NULL,NULL,'2280','2023-04-18 21:14:25'),(100,'c764694249','running','94764694249',19,'pending','sent','sent','4','65.109.113.62','5980',NULL,NULL,'2280','2023-04-18 21:14:27'),(101,'c778449742',NULL,'94778449742',19,'pending',NULL,NULL,'1','65.109.113.62','5980',NULL,NULL,'2280','2023-04-18 21:11:21'),(102,'c765269472',NULL,'94765269472',19,'pending',NULL,NULL,'1','65.109.113.62','5980',NULL,NULL,'2280','2023-04-18 21:11:21'),(103,'c911101125','running','218911101125',19,'pending','sent','sent','4','65.109.113.62','5981',NULL,NULL,'2281','2023-04-18 21:14:21'),(104,'c912760026',NULL,'218912760026',19,'pending',NULL,NULL,'1','65.109.113.62','5981',NULL,NULL,'2281','2023-04-18 21:11:21'),(105,'c624220198',NULL,'224624220198',19,'pending',NULL,NULL,'1','65.109.113.62','5981',NULL,NULL,'2281','2023-04-18 21:11:21'),(106,'c624171882','running','224624171882',19,'pending','sent','sent','4','65.109.113.62','5981',NULL,NULL,'2281','2023-04-18 21:14:27'),(107,'c911984914',NULL,'218911984914',19,'pending',NULL,NULL,'1','65.109.113.62','5981',NULL,NULL,'2281','2023-04-18 21:11:21'),(108,'c910415854','running','218910415854',20,'pending','sent','sent','4','65.109.113.62','5982',NULL,NULL,'2282','2023-04-18 21:14:30'),(109,'c914090680',NULL,'218914090680',20,'pending',NULL,NULL,'1','65.109.113.62','5982',NULL,NULL,'2282','2023-04-18 21:11:21'),(110,'c917734814',NULL,'218917734814',20,'pending',NULL,NULL,'1','65.109.113.62','5982',NULL,NULL,'2282','2023-04-18 21:11:21'),(111,'c914758577',NULL,'218914758577',20,'pending',NULL,NULL,'1','65.109.113.62','5982',NULL,NULL,'2282','2023-04-18 21:11:21'),(112,'c916446308',NULL,'218916446308',20,'pending',NULL,NULL,'1','65.109.113.62','5982',NULL,NULL,'2282','2023-04-18 21:11:21'),(113,'c916758890','running','218916758890',21,'pending','sent','sent','4','65.109.113.62','5983',NULL,NULL,'2283','2023-04-18 21:14:19'),(114,'c915341108',NULL,'218915341108',21,'pending',NULL,NULL,'1','65.109.113.62','5983',NULL,NULL,'2283','2023-04-18 21:11:21'),(115,'c910518935',NULL,'218910518935',21,'pending',NULL,NULL,'1','65.109.113.62','5983',NULL,NULL,'2283','2023-04-18 21:11:21'),(116,'c911078087',NULL,'218911078087',21,'pending',NULL,NULL,'1','65.109.113.62','5983',NULL,NULL,'2283','2023-04-18 21:11:21'),(117,'c913935950',NULL,'218913935950',21,'pending',NULL,NULL,'1','65.109.113.62','5983',NULL,NULL,'2283','2023-04-18 21:11:21'),(118,'c919725768',NULL,'218919725768',22,'pending',NULL,NULL,'1','65.109.113.62','5984',NULL,NULL,'2284','2023-04-18 21:11:21'),(119,'c915446094','running','218915446094',22,'pending','sent','sent','4','65.109.113.62','5984',NULL,NULL,'2284','2023-04-18 21:14:36'),(120,'c766591106',NULL,'94766591106',23,'pending',NULL,NULL,'1','65.109.113.62','5985',NULL,NULL,'2285','2023-04-24 20:54:50'),(121,'c777369690',NULL,'94777369690',24,'pending',NULL,NULL,'1','65.109.113.62','5986',NULL,NULL,'2286','2023-04-24 20:54:51'),(122,'c779021400',NULL,'94779021400',24,'pending',NULL,NULL,'1','65.109.113.62','5986',NULL,NULL,'2286','2023-04-24 20:54:51'),(123,'c768528042',NULL,'94768528042',24,'pending',NULL,NULL,'1','65.109.113.62','5987',NULL,NULL,'2287','2023-04-24 20:54:51'),(124,'c779211030',NULL,'94779211030',24,'pending',NULL,NULL,'1','65.109.113.62','5987',NULL,NULL,'2287','2023-04-24 20:54:51'),(125,'c769489176',NULL,'94769489176',24,'pending',NULL,NULL,'1','65.109.113.62','5987',NULL,NULL,'2287','2023-04-24 20:54:51'),(126,'c767801196',NULL,'94767801196',25,'pending',NULL,NULL,'1','65.109.113.62','5988',NULL,NULL,'2288','2023-04-24 20:54:51'),(127,'c769654601',NULL,'94769654601',25,'pending',NULL,NULL,'1','65.109.113.62','5988',NULL,NULL,'2288','2023-04-24 20:54:51'),(128,'c773480143',NULL,'94773480143',25,'pending',NULL,NULL,'1','65.109.113.62','5989',NULL,NULL,'2289','2023-04-24 20:54:51'),(129,'c778219179',NULL,'94778219179',26,'pending',NULL,NULL,'1','65.109.113.62','5989',NULL,NULL,'2289','2023-04-24 20:54:51'),(130,'c774372694',NULL,'94774372694',26,'pending',NULL,NULL,'1','65.109.113.62','5989',NULL,NULL,'2289','2023-04-24 20:54:51'),(131,'c762600916',NULL,'94762600916',27,'pending',NULL,NULL,'1','65.109.113.62','5990',NULL,NULL,'2290','2023-04-24 20:54:51'),(132,'c766171918',NULL,'94766171918',27,'pending',NULL,NULL,'1','65.109.113.62','5990',NULL,NULL,'2290','2023-04-24 20:54:51'),(133,'c777788837',NULL,'94777788837',27,'pending',NULL,NULL,'1','65.109.113.62','5991',NULL,NULL,'2291','2023-04-24 20:54:51'),(134,'c775398563',NULL,'94775398563',27,'pending',NULL,NULL,'1','65.109.113.62','5991',NULL,NULL,'2291','2023-04-24 20:54:51'),(135,'c775014321',NULL,'94775014321',28,'pending',NULL,NULL,'1','65.109.113.62','5991',NULL,NULL,'2291','2023-04-24 20:54:51'),(136,'c764694249',NULL,'94764694249',29,'pending',NULL,NULL,'1','65.109.113.62','5992',NULL,NULL,'2292','2023-04-24 20:54:51'),(137,'c778449742',NULL,'94778449742',29,'pending',NULL,NULL,'1','65.109.113.62','5993',NULL,NULL,'2293','2023-04-24 20:54:51'),(138,'c912760026',NULL,'218912760026',30,'pending',NULL,NULL,'1','65.109.113.62','5994',NULL,NULL,'2294','2023-04-24 20:54:51'),(139,'c911101125',NULL,'218911101125',30,'pending',NULL,NULL,'1','65.109.113.62','5994',NULL,NULL,'2294','2023-04-24 20:54:51'),(140,'c911984914',NULL,'218911984914',30,'pending',NULL,NULL,'1','65.109.113.62','5994',NULL,NULL,'2294','2023-04-24 20:54:51'),(141,'c914090680',NULL,'218914090680',31,'pending',NULL,NULL,'1','65.109.113.62','5995',NULL,NULL,'2295','2023-04-24 20:54:51'),(142,'c910415854',NULL,'218910415854',32,'pending',NULL,NULL,'1','65.109.113.62','5996',NULL,NULL,'2296','2023-04-24 20:54:51'),(143,'c917734814',NULL,'218917734814',33,'pending',NULL,NULL,'1','65.109.113.62','5997',NULL,NULL,'2297','2023-04-24 20:54:51'),(144,'c914758577',NULL,'218914758577',33,'pending',NULL,NULL,'1','65.109.113.62','5997',NULL,NULL,'2297','2023-04-24 20:54:51'),(145,'c916446308','running','218916446308',33,'pending',NULL,NULL,'1','65.109.113.62','5997',NULL,NULL,'2297','2023-09-14 07:09:44'),(146,'c916758890','running','218916758890',34,'pending',NULL,NULL,'1','65.109.113.62','5998',NULL,NULL,'2298','2023-09-14 07:09:42'),(147,'c915341108','running','218915341108',35,'pending',NULL,NULL,'1','65.109.113.62','5999',NULL,NULL,'2299','2023-09-14 07:09:39'),(148,'c913935950','running','218913935950',36,'pending',NULL,NULL,'1','65.109.113.62','6000',NULL,NULL,'2300','2023-09-14 07:09:36'),(149,'c911078087','running','218911078087',36,'pending',NULL,NULL,'1','65.109.113.62','6001',NULL,NULL,'2301','2023-09-14 07:09:33'),(150,'c770149962','running','94770149962',36,'pending',NULL,NULL,'1','65.109.113.62','6001',NULL,NULL,'2301','2023-09-14 07:09:30'),(151,'c910518935','running','218910518935',37,'pending',NULL,NULL,'1','65.109.113.62','6002',NULL,NULL,'2302','2023-09-14 07:09:27'),(152,'c919725768','running','218919725768',38,'pending',NULL,NULL,'1','65.109.113.62','6003',NULL,NULL,'2303','2023-09-14 07:09:25'),(153,'c763523842','running','94763523842',39,'pending',NULL,NULL,'1','65.109.113.62','6004',NULL,NULL,'2304','2023-09-14 07:09:22');
/*!40000 ALTER TABLE `doc_reg_tbl1` ENABLE KEYS */;
UNLOCK TABLES;

--
-- Table structure for table `proxy_tbl`
--

DROP TABLE IF EXISTS `proxy_tbl`;
/*!40101 SET @saved_cs_client     = @@character_set_client */;
/*!50503 SET character_set_client = utf8mb4 */;
CREATE TABLE `proxy_tbl` (
  `prox_id` int unsigned NOT NULL AUTO_INCREMENT,
  `proxy_ip` varchar(50) DEFAULT NULL,
  `proxy_port` varchar(50) DEFAULT NULL,
  `proxy_username` varchar(50) DEFAULT NULL,
  `proxy_pass` varchar(50) DEFAULT NULL,
  `used` varchar(1) DEFAULT '0',
  PRIMARY KEY (`prox_id`)
) ENGINE=InnoDB AUTO_INCREMENT=2008 DEFAULT CHARSET=latin1;
/*!40101 SET character_set_client = @saved_cs_client */;

--
-- Dumping data for table `proxy_tbl`
--

LOCK TABLES `proxy_tbl` WRITE;
/*!40000 ALTER TABLE `proxy_tbl` DISABLE KEYS */;
INSERT INTO `proxy_tbl` VALUES (1,'59.153.201.202','80',NULL,NULL,'0'),(2,'80.249.112.162','80',NULL,NULL,'0'),(3,'200.13.22.210','80',NULL,NULL,'0'),(4,'23.94.180.80','3128',NULL,NULL,'0'),(5,'192.177.160.57','3128',NULL,NULL,'0'),(6,'23.95.69.214','3128',NULL,NULL,'0'),(7,'142.252.223.243','3128',NULL,NULL,'0'),(8,'192.177.186.17','3128',NULL,NULL,'0'),(9,'142.252.223.8','3128',NULL,NULL,'0'),(10,'142.252.223.243:','3128',NULL,NULL,'0'),(11,'23.94.227.175','3128',NULL,NULL,'0'),(12,'192.177.186.29','3128',NULL,NULL,'0'),(13,'172.121.142.36','3128',NULL,NULL,'0'),(14,'142.252.26.110','3128',NULL,NULL,'0'),(15,'23.95.183.123','3128',NULL,NULL,'0'),(16,'136.0.95.26','3128',NULL,NULL,'0'),(17,'142.252.223.243','3128','','',''),(18,'142.252.223.81','3128','','',''),(19,'192.177.186.17','3128','','',''),(20,'23.94.23.106','3128','','',''),(21,'23.95.69.214','3128','','',''),(22,'192.177.160.57','3128','','',''),(23,'23.94.180.80','3128','','',''),(24,'192.177.160.219','3128','','',''),(25,'192.177.188.130','3128','','',''),(26,'142.252.223.117','3128','','',''),(27,'23.94.227.175','3128','','',''),(28,'192.177.186.29','3128','','',''),(29,'172.121.142.36','3128','','',''),(30,'142.252.26.110','3128','','',''),(31,'23.95.183.123','3128','','',''),(32,'136.0.95.26','3128','','',''),(33,'156.227.14.123','3128','','',''),(34,'23.94.73.55','3128','','',''),(35,'45.199.132.155','3128','','',''),(36,'172.121.142.126','3128','','',''),(37,'142.252.198.220','3128','','',''),(38,'136.0.95.110','3128','','',''),(39,'192.177.165.13','3128','','',''),(40,'136.0.95.56','3128','','',''),(41,'192.177.186.215','3128','','',''),(42,'172.121.142.54','3128','','',''),(43,'23.94.227.235','3128','','',''),(44,'172.121.142.18','3128','','',''),(45,'166.88.122.163','3128','','',''),(46,'23.95.69.232','3128','','',''),(47,'156.227.14.99','3128','','',''),(48,'142.252.223.87','3128','','',''),(49,'142.252.198.4','3128','','',''),(50,'136.0.95.80','3128','','',''),(51,'192.177.163.152','3128','','',''),(52,'23.94.213.143','3128','','',''),(53,'23.94.73.91','3128','','',''),(54,'142.252.198.100','3128','','',''),(55,'142.252.26.20','3128','','',''),(56,'23.94.242.99','3128','','',''),(57,'23.95.49.158','3128','','',''),(58,'23.94.213.179','3128','','',''),(59,'192.177.188.76','3128','','',''),(60,'45.146.131.2','3128','','',''),(61,'23.95.63.115','3128','','',''),(62,'142.252.198.10','3128','','',''),(63,'142.252.223.99','3128','','',''),(64,'23.94.247.156','3128','','',''),(65,'142.252.198.64','3128','','',''),(66,'192.177.160.15','3128','','',''),(67,'142.252.26.188','3128','','',''),(68,'192.177.188.58','3128','','',''),(69,'23.95.63.61','3128','','',''),(70,'136.0.95.116','3128','','',''),(71,'23.95.16.71','3128','','',''),(72,'23.94.247.162','3128','','',''),(73,'23.94.238.238','3128','','',''),(74,'23.95.63.79','3128','','',''),(75,'142.252.198.22','3128','','',''),(76,'23.95.201.35','3128','','',''),(77,'192.177.160.213','3128','','',''),(78,'23.95.63.7','3128','','',''),(79,'45.146.131.152','3128','','',''),(80,'192.177.188.82','3128','','',''),(81,'192.177.160.129','3128','','',''),(82,'23.94.222.216','3128','','',''),(83,'104.252.179.53','3128','','',''),(84,'23.94.247.210','3128','','',''),(85,'23.94.180.2','3128','','',''),(86,'192.177.188.232','3128','','',''),(87,'23.94.59.84','3128','','',''),(88,'192.177.188.160','3128','','',''),(89,'23.95.49.218','3128','','',''),(90,'166.88.122.13','3128','','',''),(91,'23.95.16.83','3128','','',''),(92,'142.252.198.178','3128','','',''),(93,'23.94.59.66','3128','','',''),(94,'192.177.163.158','3128','','',''),(95,'45.146.131.248','3128','','',''),(96,'166.88.122.55','3128','','',''),(97,'23.94.180.98','3128','','',''),(98,'192.177.160.177','3128','','',''),(99,'192.177.188.118','3128','','',''),(100,'23.94.230.96','3128','','',''),(101,'23.95.190.76','3128','','',''),(102,'23.94.238.220','3128','','',''),(103,'142.252.223.45','3128','','',''),(104,'23.95.49.146','3128','','',''),(105,'104.252.179.29','3128','','',''),(106,'192.177.188.148','3128','','',''),(107,'23.94.23.76','3128','','',''),(108,'166.88.122.115','3128','','',''),(109,'45.146.131.134','3128','','',''),(110,'23.95.16.113','3128','','',''),(111,'142.252.198.214','3128','','',''),(112,'136.0.95.122','3128','','',''),(113,'192.177.165.133','3128','','',''),(114,'23.94.222.234','3128','','',''),(115,'192.177.160.189','3128','','',''),(116,'172.121.142.240','3128','','',''),(117,'23.94.213.251','3128','','',''),(118,'192.177.163.170','3128','','',''),(119,'23.94.73.109','3128','','',''),(120,'45.199.132.11','3128','','',''),(121,'23.94.180.56','3128','','',''),(122,'23.94.238.172','3128','','',''),(123,'156.227.14.51','3128','','',''),(124,'166.88.122.211','3128','','',''),(125,'23.94.222.210','3128','','',''),(126,'23.94.242.93','3128','','',''),(127,'136.0.95.206','3128','','',''),(128,'23.94.73.43','3128','','',''),(129,'23.94.238.232','3128','','',''),(130,'104.252.179.101','3128','','',''),(131,'23.94.59.108','3128','','',''),(132,'23.94.180.116','3128','','',''),(133,'192.177.165.199','3128','','',''),(134,'23.94.59.42','3128','','',''),(135,'45.199.132.53','3128','','',''),(136,'142.252.223.75','3128','','',''),(137,'23.95.190.118','3128','','',''),(138,'45.146.131.14','3128','','',''),(139,'23.95.201.29','3128','','',''),(140,'142.252.26.32','3128','','',''),(141,'192.177.160.135','3128','','',''),(142,'192.177.160.93','3128','','',''),(143,'23.95.49.212','3128','','',''),(144,'23.94.23.94','3128','','',''),(145,'172.121.142.96','3128','','',''),(146,'23.95.190.100','3128','','',''),(147,'23.94.238.244','3128','','',''),(148,'23.94.227.163','3128','','',''),(149,'23.94.180.104','3128','','',''),(150,'23.95.49.200','3128','','',''),(151,'23.94.242.123','3128','','',''),(152,'192.177.163.182','3128','','',''),(153,'23.94.230.6','3128','','',''),(154,'104.252.179.35','3128','','',''),(155,'23.94.247.252','3128','','',''),(156,'45.199.132.245','3128','','',''),(157,'23.94.230.24','3128','','',''),(158,'45.199.132.83','3128','','',''),(159,'23.95.190.40','3128','','',''),(160,'142.252.223.9','3128','','',''),(161,'142.252.26.116','3128','','',''),(162,'136.0.95.32','3128','','',''),(163,'156.227.14.237','3128','','',''),(164,'23.95.16.107','3128','','',''),(165,'45.199.132.185','3128','','',''),(166,'23.94.73.115','3128','','',''),(167,'45.199.132.89','3128','','',''),(168,'104.252.179.209','3128','','',''),(169,'23.94.222.252','3128','','',''),(170,'23.95.49.230','3128','','',''),(171,'172.121.142.144','3128','','',''),(172,'192.177.188.250','3128','','',''),(173,'104.252.179.107','3128','','',''),(174,'23.95.49.236','3128','','',''),(175,'23.94.230.114','3128','','',''),(176,'136.0.95.200','3128','','',''),(177,'45.146.131.8','3128','','',''),(178,'192.177.188.214','3128','','',''),(179,'23.95.201.23','3128','','',''),(180,'192.177.165.31','3128','','',''),(181,'142.252.198.70','3128','','',''),(182,'104.252.179.137','3128','','',''),(183,'172.121.142.114','3128','','',''),(184,'142.252.26.230','3128','','',''),(185,'23.94.213.203','3128','','',''),(186,'23.95.183.9','3128','','',''),(187,'166.88.122.253','3128','','',''),(188,'23.95.49.248','3128','','',''),(189,'142.252.198.142','3128','','',''),(190,'23.95.69.202','3128','','',''),(191,'192.177.160.63','3128','','',''),(192,'23.94.222.156','3128','','',''),(193,'192.177.188.94','3128','','',''),(194,'23.95.69.130','3128','','',''),(195,'172.121.142.12','3128','','',''),(196,'166.88.122.247','3128','','',''),(197,'23.95.69.244','3128','','',''),(198,'23.94.73.31','3128','','',''),(199,'166.88.122.91','3128','','',''),(200,'23.94.237.147','3128','','',''),(201,'104.252.179.47','3128','','',''),(202,'142.252.26.74','3128','','',''),(203,'192.177.160.141','3128','','',''),(204,'156.227.14.63','3128','','',''),(205,'192.177.160.123','3128','','',''),(206,'156.227.14.129','3128','','',''),(207,'23.95.63.37','3128','','',''),(208,'23.95.49.254','3128','','',''),(209,'23.94.247.204','3128','','',''),(210,'45.146.131.140','3128','','',''),(211,'142.252.26.152','3128','','',''),(212,'156.227.14.135','3128','','',''),(213,'166.88.122.19','3128','','',''),(214,'23.94.73.19','3128','','',''),(215,'23.94.213.239','3128','','',''),(216,'23.94.237.153','3128','','',''),(217,'23.95.183.15','3128','','',''),(218,'192.177.188.136','3128','','',''),(219,'142.252.198.58','3128','','',''),(220,'172.121.142.102','3128','','',''),(221,'192.177.188.34','3128','','',''),(222,'23.94.73.121','3128','','',''),(223,'192.177.160.147','3128','','',''),(224,'23.95.16.47','3128','','',''),(225,'192.177.188.16','3128','','',''),(226,'136.0.95.2','3128','','',''),(227,'142.252.223.57','3128','','',''),(228,'192.177.163.194','3128','','',''),(229,'45.146.131.194','3128','','',''),(230,'192.177.160.99','3128','','',''),(231,'172.121.142.90','3128','','',''),(232,'166.88.122.193','3128','','',''),(233,'45.146.131.32','3128','','',''),(234,'192.177.165.7','3128','','',''),(235,'23.94.180.8','3128','','',''),(236,'166.88.122.37','3128','','',''),(237,'142.252.198.238','3128','','',''),(238,'23.95.63.97','3128','','',''),(239,'192.177.188.106','3128','','',''),(240,'192.177.188.142','3128','','',''),(241,'23.95.63.109','3128','','',''),(242,'142.252.198.232','3128','','',''),(243,'23.95.69.154','3128','','',''),(244,'45.146.131.98','3128','','',''),(245,'192.177.160.9','3128','','',''),(246,'23.95.190.124','3128','','',''),(247,'23.95.16.35','3128','','',''),(248,'23.95.63.31','3128','','',''),(249,'192.177.165.157','3128','','',''),(250,'23.94.242.21','3128','','',''),(251,'45.199.132.227','3128','','',''),(252,'23.94.227.181','3128','','',''),(253,'45.199.132.215','3128','','',''),(254,'45.199.132.161','3128','','',''),(255,'192.177.188.22','3128','','',''),(256,'23.95.183.63','3128','','',''),(257,'23.94.230.102','3128','','',''),(258,'192.177.163.98','3128','','',''),(259,'23.94.213.137','3128','','',''),(260,'156.227.14.225','3128','','',''),(261,'23.94.222.246','3128','','',''),(262,'192.177.163.248','3128','','',''),(263,'142.252.26.80','3128','','',''),(264,'23.94.230.120','3128','','',''),(265,'23.94.23.88','3128','','',''),(266,'172.121.142.60','3128','','',''),(267,'172.121.142.252','3128','','',''),(268,'45.199.132.149','3128','','',''),(269,'23.94.242.75','3128','','',''),(270,'142.252.26.158','3128','','',''),(271,'45.146.131.68','3128','','',''),(272,'23.94.242.117','3128','','',''),(273,'156.227.14.27','3128','','',''),(274,'104.252.179.203','3128','','',''),(275,'23.94.237.135','3128','','',''),(276,'192.177.188.238','3128','','',''),(277,'23.94.23.112','3128','','',''),(278,'142.252.26.26','3128','','',''),(279,'192.177.165.61','3128','','',''),(280,'192.177.186.89','3128','','',''),(281,'23.94.242.33','3128','','',''),(282,'142.252.198.172','3128','','',''),(283,'192.177.188.172','3128','','',''),(284,'192.177.188.70','3128','','',''),(285,'166.88.122.49','3128','','',''),(286,'23.94.213.167','3128','','',''),(287,'192.177.165.223','3128','','',''),(288,'23.94.237.177','3128','','',''),(289,'23.94.227.133','3128','','',''),(290,'23.95.183.45','3128','','',''),(291,'142.252.223.231','3128','','',''),(292,'23.94.23.70','3128','','',''),(293,'23.94.247.228','3128','','',''),(294,'136.0.95.98','3128','','',''),(295,'23.95.201.41','3128','','',''),(296,'23.94.227.223','3128','','',''),(297,'156.227.14.231','3128','','',''),(298,'45.146.131.104','3128','','',''),(299,'23.95.16.41','3128','','',''),(300,'23.94.237.201','3128','','',''),(301,'23.94.242.39','3128','','',''),(302,'23.95.16.17','3128','','',''),(303,'172.121.142.24','3128','','',''),(304,'45.146.131.224','3128','','',''),(305,'192.177.165.187','3128','','',''),(306,'192.177.160.39','3128','','',''),(307,'192.177.186.245','3128','','',''),(308,'142.252.223.39','3128','','',''),(309,'136.0.95.152','3128','','',''),(310,'192.177.165.151','3128','','',''),(311,'142.252.26.38','3128','','',''),(312,'23.94.247.168','3128','','',''),(313,'156.227.14.159','3128','','',''),(314,'192.177.160.165','3128','','',''),(315,'142.252.26.2','3128','','',''),(316,'23.95.190.58','3128','','',''),(317,'23.94.238.166','3128','','',''),(318,'23.95.49.170','3128','','',''),(319,'23.94.230.18','3128','','',''),(320,'45.199.132.251','3128','','',''),(321,'142.252.223.195','3128','','',''),(322,'142.252.223.141','3128','','',''),(323,'104.252.179.191','3128','','',''),(324,'172.121.142.120','3128','','',''),(325,'23.94.230.126','3128','','',''),(326,'136.0.95.8','3128','','',''),(327,'23.94.237.189','3128','','',''),(328,'23.94.222.198','3128','','',''),(329,'192.177.165.193','3128','','',''),(330,'23.95.49.242','3128','','',''),(331,'192.177.188.154','3128','','',''),(332,'192.177.160.207','3128','','',''),(333,'23.94.247.180','3128','','',''),(334,'192.177.165.163','3128','','',''),(335,'192.177.186.107','3128','','',''),(336,'172.121.142.150','3128','','',''),(337,'45.146.131.50','3128','','',''),(338,'23.94.180.92','3128','','',''),(339,'192.177.165.241','3128','','',''),(340,'45.199.132.17','3128','','',''),(341,'142.252.223.69','3128','','',''),(342,'45.146.131.236','3128','','',''),(343,'192.177.160.27','3128','','',''),(344,'142.252.223.219','3128','','',''),(345,'23.95.183.3','3128','','',''),(346,'23.94.227.241','3128','','',''),(347,'136.0.95.176','3128','','',''),(348,'142.252.26.194','3128','','',''),(349,'45.199.132.77','3128','','',''),(350,'142.252.198.160','3128','','',''),(351,'23.95.63.121','3128','','',''),(352,'23.94.230.36','3128','','',''),(353,'142.252.26.62','3128','','',''),(354,'45.199.132.137','3128','','',''),(355,'192.177.165.55','3128','','',''),(356,'192.177.160.3','3128','','',''),(357,'23.94.237.249','3128','','',''),(358,'192.177.160.51','3128','','',''),(359,'192.177.163.188','3128','','',''),(360,'142.252.198.88','3128','','',''),(361,'23.94.227.211','3128','','',''),(362,'23.94.213.227','3128','','',''),(363,'166.88.122.217','3128','','',''),(364,'23.94.238.208','3128','','',''),(365,'23.94.180.26','3128','','',''),(366,'45.146.131.128','3128','','',''),(367,'192.177.188.208','3128','','',''),(368,'45.146.131.110','3128','','',''),(369,'192.177.160.171','3128','','',''),(370,'142.252.26.242','3128','','',''),(371,'142.252.198.46','3128','','',''),(372,'23.94.237.243','3128','','',''),(373,'192.177.165.115','3128','','',''),(374,'156.227.14.3','3128','','',''),(375,'192.177.165.253','3128','','',''),(376,'192.177.160.249','3128','','',''),(377,'45.146.131.116','3128','','',''),(378,'104.252.179.59','3128','','',''),(379,'192.177.188.52','3128','','',''),(380,'23.95.16.59','3128','','',''),(381,'192.177.163.206','3128','','',''),(382,'104.252.179.173','3128','','',''),(383,'23.95.183.21','3128','','',''),(384,'23.94.59.114','3128','','',''),(385,'192.177.186.5','3128','','',''),(386,'142.252.198.184','3128','','',''),(387,'166.88.122.145','3128','','',''),(388,'23.95.63.85','3128','','',''),(389,'45.199.132.191','3128','','',''),(390,'142.252.223.207','3128','','',''),(391,'192.177.160.225','3128','','',''),(392,'104.252.179.23','3128','','',''),(393,'192.177.160.45','3128','','',''),(394,'23.94.180.20','3128','','',''),(395,'166.88.122.103','3128','','',''),(396,'166.88.122.151','3128','','',''),(397,'23.94.247.186','3128','','',''),(398,'23.94.247.138','3128','','',''),(399,'136.0.95.164','3128','','',''),(400,'172.121.142.168','3128','','',''),(401,'192.177.163.32','3128','','',''),(402,'23.94.213.161','3128','','',''),(403,'23.95.16.5','3128','','',''),(404,'136.0.95.188','3128','','',''),(405,'192.177.186.197','3128','','',''),(406,'172.121.142.156','3128','','',''),(407,'192.177.186.83','3128','','',''),(408,'23.94.180.50','3128','','',''),(409,'136.0.95.50','3128','','',''),(410,'45.146.131.44','3128','','',''),(411,'45.146.131.56','3128','','',''),(412,'192.177.163.236','3128','','',''),(413,'45.199.132.221','3128','','',''),(414,'142.252.26.248','3128','','',''),(415,'104.252.179.71','3128','','',''),(416,'166.88.122.235','3128','','',''),(417,'23.94.23.82','3128','','',''),(418,'23.94.59.24','3128','','',''),(419,'192.177.160.243','3128','','',''),(420,'45.199.132.131','3128','','',''),(421,'23.94.242.51','3128','','',''),(422,'142.252.198.208','3128','','',''),(423,'23.94.222.162','3128','','',''),(424,'142.252.26.98','3128','','',''),(425,'23.94.180.122','3128','','',''),(426,'156.227.14.39','3128','','',''),(427,'23.94.238.226','3128','','',''),(428,'192.177.188.220','3128','','',''),(429,'45.146.131.176','3128','','',''),(430,'136.0.95.134','3128','','',''),(431,'23.94.227.217','3128','','',''),(432,'192.177.186.35','3128','','',''),(433,'45.146.131.20','3128','','',''),(434,'192.177.163.200','3128','','',''),(435,'192.177.163.8','3128','','',''),(436,'23.94.242.63','3128','','',''),(437,'142.252.223.201','3128','','',''),(438,'23.94.247.240','3128','','',''),(439,'142.252.26.254','3128','','',''),(440,'23.94.230.42','3128','','',''),(441,'136.0.95.182','3128','','',''),(442,'166.88.122.43','3128','','',''),(443,'142.252.223.27','3128','','',''),(444,'142.252.26.164','3128','','',''),(445,'45.199.132.143','3128','','',''),(446,'45.146.131.254','3128','','',''),(447,'23.95.63.25','3128','','',''),(448,'142.252.198.250','3128','','',''),(449,'172.121.142.162','3128','','',''),(450,'142.252.198.16','3128','','',''),(451,'142.252.26.224','3128','','',''),(452,'192.177.160.69','3128','','',''),(453,'192.177.165.25','3128','','',''),(454,'23.94.213.215','3128','','',''),(455,'45.146.131.182','3128','','',''),(456,'192.177.160.231','3128','','',''),(457,'166.88.122.187','3128','','',''),(458,'23.94.73.61','3128','','',''),(459,'23.94.237.213','3128','','',''),(460,'192.177.186.185','3128','','',''),(461,'192.177.165.67','3128','','',''),(462,'142.252.223.183','3128','','',''),(463,'142.252.26.50','3128','','',''),(464,'23.95.201.53','3128','','',''),(465,'192.177.165.91','3128','','',''),(466,'156.227.14.21','3128','','',''),(467,'166.88.122.97','3128','','',''),(468,'142.252.26.92','3128','','',''),(469,'23.94.59.102','3128','','',''),(470,'166.88.122.181','3128','','',''),(471,'23.94.227.229','3128','','',''),(472,'23.95.16.125','3128','','',''),(473,'192.177.186.113','3128','','',''),(474,'104.252.179.251','3128','','',''),(475,'142.252.26.8','3128','','',''),(476,'172.121.142.234','3128','','',''),(477,'23.95.49.176','3128','','',''),(478,'23.94.73.25','3128','','',''),(479,'23.95.16.11','3128','','',''),(480,'192.177.165.139','3128','','',''),(481,'142.252.223.237','3128','','',''),(482,'142.252.223.189','3128','','',''),(483,'23.94.238.184','3128','','',''),(484,'192.177.186.143','3128','','',''),(485,'23.94.213.185','3128','','',''),(486,'142.252.198.76','3128','','',''),(487,'23.94.59.60','3128','','',''),(488,'156.227.14.9','3128','','',''),(489,'23.95.201.65','3128','','',''),(490,'45.146.131.188','3128','','',''),(491,'23.94.222.180','3128','','',''),(492,'45.146.131.200','3128','','',''),(493,'142.252.223.33','3128','','',''),(494,'142.252.198.94','3128','','',''),(495,'136.0.95.158','3128','','',''),(496,'45.146.131.206','3128','','',''),(497,'23.95.190.64','3128','','',''),(498,'23.94.237.231','3128','','',''),(499,'136.0.95.146','3128','','',''),(500,'192.177.188.46','3128','','',''),(501,'172.121.142.174','3128','','',''),(502,'23.95.16.95','3128','','',''),(503,'23.94.237.219','3128','','',''),(504,'23.95.16.53','3128','','',''),(505,'23.94.213.191','3128','','',''),(506,'104.252.179.65','3128','','',''),(507,'192.177.163.134','3128','','',''),(508,'142.252.198.118','3128','','',''),(509,'192.177.160.81','3128','','',''),(510,'23.95.190.22','3128','','',''),(511,'156.227.14.117','3128','','',''),(512,'192.177.186.59','3128','','',''),(513,'23.94.227.151','3128','','',''),(514,'23.95.63.103','3128','','',''),(515,'45.199.132.5','3128','','',''),(516,'23.94.73.67','3128','','',''),(517,'142.252.198.196','3128','','',''),(518,'23.95.69.136','3128','','',''),(519,'23.95.183.39','3128','','',''),(520,'192.177.186.221','3128','','',''),(521,'192.177.165.73','3128','','',''),(522,'45.199.132.23','3128','','',''),(523,'23.94.59.12','3128','','',''),(524,'156.227.14.45','3128','','',''),(525,'23.95.16.23','3128','','',''),(526,'142.252.198.154','3128','','',''),(527,'156.227.14.189','3128','','',''),(528,'192.177.163.50','3128','','',''),(529,'192.177.160.105','3128','','',''),(530,'45.146.131.62','3128','','',''),(531,'192.177.165.109','3128','','',''),(532,'156.227.14.153','3128','','',''),(533,'104.252.179.5','3128','','',''),(534,'142.252.26.140','3128','','',''),(535,'23.94.237.165','3128','','',''),(536,'23.95.183.111','3128','','',''),(537,'23.94.238.160','3128','','',''),(538,'23.94.242.87','3128','','',''),(539,'45.146.131.158','3128','','',''),(540,'192.177.188.202','3128','','',''),(541,'23.94.59.90','3128','','',''),(542,'192.177.188.178','3128','','',''),(543,'172.121.142.138','3128','','',''),(544,'23.94.222.204','3128','','',''),(545,'23.95.69.166','3128','','',''),(546,'23.95.63.55','3128','','',''),(547,'192.177.186.209','3128','','',''),(548,'45.146.131.80','3128','','',''),(549,'23.94.247.174','3128','','',''),(550,'23.95.183.105','3128','','',''),(551,'23.95.190.70','3128','','',''),(552,'104.252.179.17','3128','','',''),(553,'142.252.26.236','3128','','',''),(554,'136.0.95.74','3128','','',''),(555,'136.0.95.86','3128','','',''),(556,'192.177.188.10','3128','','',''),(557,'142.252.26.68','3128','','',''),(558,'23.95.183.99','3128','','',''),(559,'156.227.14.15','3128','','',''),(560,'23.94.73.73','3128','','',''),(561,'192.177.165.181','3128','','',''),(562,'23.95.16.101','3128','','',''),(563,'192.177.188.184','3128','','',''),(564,'23.95.16.77','3128','','',''),(565,'45.146.131.146','3128','','',''),(566,'23.94.222.150','3128','','',''),(567,'23.94.238.214','3128','','',''),(568,'45.199.132.125','3128','','',''),(569,'45.199.132.203','3128','','',''),(570,'23.94.180.86','3128','','',''),(571,'23.94.213.173','3128','','',''),(572,'166.88.122.229','3128','','',''),(573,'23.94.73.49','3128','','',''),(574,'104.252.179.113','3128','','',''),(575,'142.252.198.34','3128','','',''),(576,'23.94.227.205','3128','','',''),(577,'23.94.227.157','3128','','',''),(578,'142.252.223.105','3128','','',''),(579,'156.227.14.111','3128','','',''),(580,'142.252.26.218','3128','','',''),(581,'192.177.165.169','3128','','',''),(582,'23.94.59.72','3128','','',''),(583,'172.121.142.204','3128','','',''),(584,'142.252.198.202','3128','','',''),(585,'142.252.223.147','3128','','',''),(586,'192.177.163.56','3128','','',''),(587,'23.94.238.130','3128','','',''),(588,'23.94.247.150','3128','','',''),(589,'23.94.247.198','3128','','',''),(590,'166.88.122.7','3128','','',''),(591,'192.177.188.226','3128','','',''),(592,'142.252.26.134','3128','','',''),(593,'23.94.73.37','3128','','',''),(594,'23.94.59.78','3128','','',''),(595,'166.88.122.241','3128','','',''),(596,'45.199.132.119','3128','','',''),(597,'166.88.122.31','3128','','',''),(598,'192.177.186.173','3128','','',''),(599,'192.177.165.217','3128','','',''),(600,'192.177.186.161','3128','','',''),(601,'192.177.186.101','3128','','',''),(602,'23.94.73.97','3128','','',''),(603,'45.146.131.74','3128','','',''),(604,'192.177.160.237','3128','','',''),(605,'136.0.95.128','3128','','',''),(606,'192.177.163.254','3128','','',''),(607,'23.94.23.100','3128','','',''),(608,'23.95.201.11','3128','','',''),(609,'23.94.180.62','3128','','',''),(610,'45.199.132.71','3128','','',''),(611,'172.121.142.198','3128','','',''),(612,'23.95.69.184','3128','','',''),(613,'23.95.183.81','3128','','',''),(614,'136.0.95.170','3128','','',''),(615,'142.252.26.146','3128','','',''),(616,'192.177.160.195','3128','','',''),(617,'23.94.230.48','3128','','',''),(618,'192.177.186.191','3128','','',''),(619,'23.95.49.206','3128','','',''),(620,'23.94.222.168','3128','','',''),(621,'192.177.163.86','3128','','',''),(622,'23.95.49.140','3128','','',''),(623,'192.177.186.41','3128','','',''),(624,'23.94.213.149','3128','','',''),(625,'142.252.26.206','3128','','',''),(626,'192.177.160.117','3128','','',''),(627,'23.94.247.234','3128','','',''),(628,'156.227.14.75','3128','','',''),(629,'23.95.69.196','3128','','',''),(630,'142.252.223.153','3128','','',''),(631,'192.177.188.28','3128','','',''),(632,'192.177.163.14','3128','','',''),(633,'23.94.227.199','3128','','',''),(634,'166.88.122.85','3128','','',''),(635,'156.227.14.177','3128','','',''),(636,'23.94.59.96','3128','','',''),(637,'142.252.223.171','3128','','',''),(638,'142.252.26.56','3128','','',''),(639,'192.177.186.65','3128','','',''),(640,'156.227.14.207','3128','','',''),(641,'23.94.222.192','3128','','',''),(642,'136.0.95.194','3128','','',''),(643,'23.94.222.186','3128','','',''),(644,'172.121.142.210','3128','','',''),(645,'23.94.213.209','3128','','',''),(646,'23.94.230.78','3128','','',''),(647,'23.94.73.103','3128','','',''),(648,'23.94.222.138','3128','','',''),(649,'142.252.198.226','3128','','',''),(650,'104.252.179.11','3128','','',''),(651,'156.227.14.183','3128','','',''),(652,'23.95.49.182','3128','','',''),(653,'136.0.95.62','3128','','',''),(654,'142.252.223.225','3128','','',''),(655,'23.94.180.14','3128','','',''),(656,'172.121.142.228','3128','','',''),(657,'23.94.242.27','3128','','',''),(658,'23.94.230.84','3128','','',''),(659,'23.95.16.65','3128','','',''),(660,'136.0.95.68','3128','','',''),(661,'45.146.131.218','3128','','',''),(662,'142.252.26.200','3128','','',''),(663,'23.95.183.33','3128','','',''),(664,'23.94.247.192','3128','','',''),(665,'172.121.142.132','3128','','',''),(666,'192.177.165.211','3128','','',''),(667,'156.227.14.87','3128','','',''),(668,'192.177.163.176','3128','','',''),(669,'142.252.223.3','3128','','',''),(670,'192.177.165.103','3128','','',''),(671,'192.177.186.149','3128','','',''),(672,'23.95.16.119','3128','','',''),(673,'192.177.163.128','3128','','',''),(674,'172.121.142.216','3128','','',''),(675,'104.252.179.233','3128','','',''),(676,'166.88.122.205','3128','','',''),(677,'23.94.237.225','3128','','',''),(678,'172.121.142.84','3128','','',''),(679,'192.177.163.110','3128','','',''),(680,'23.95.190.106','3128','','',''),(681,'23.94.242.9','3128','','',''),(682,'104.252.179.227','3128','','',''),(683,'192.177.160.183','3128','','',''),(684,'104.252.179.119','3128','','',''),(685,'45.199.132.113','3128','','',''),(686,'156.227.14.147','3128','','',''),(687,'23.94.73.13','3128','','',''),(688,'142.252.223.249','3128','','',''),(689,'166.88.122.199','3128','','',''),(690,'23.94.180.32','3128','','',''),(691,'23.95.183.87','3128','','',''),(692,'45.146.131.26','3128','','',''),(693,'23.95.49.188','3128','','',''),(694,'45.146.131.92','3128','','',''),(695,'23.94.23.124','3128','','',''),(696,'23.94.73.79','3128','','',''),(697,'23.95.63.43','3128','','',''),(698,'23.94.242.3','3128','','',''),(699,'23.94.59.30','3128','','',''),(700,'156.227.14.213','3128','','',''),(701,'192.177.165.145','3128','','',''),(702,'142.252.26.212','3128','','',''),(703,'23.95.63.13','3128','','',''),(704,'192.177.160.201','3128','','',''),(705,'156.227.14.81','3128','','',''),(706,'192.177.163.212','3128','','',''),(707,'23.95.190.112','3128','','',''),(708,'23.95.63.73','3128','','',''),(709,'45.199.132.173','3128','','',''),(710,'192.177.186.47','3128','','',''),(711,'23.94.238.154','3128','','',''),(712,'142.252.198.28','3128','','',''),(713,'23.94.238.136','3128','','',''),(714,'192.177.163.2','3128','','',''),(715,'23.94.238.250','3128','','',''),(716,'23.94.180.68','3128','','',''),(717,'23.94.230.72','3128','','',''),(718,'166.88.122.157','3128','','',''),(719,'192.177.163.146','3128','','',''),(720,'23.95.190.28','3128','','',''),(721,'23.95.49.194','3128','','',''),(722,'23.94.247.132','3128','','',''),(723,'192.177.186.95','3128','','',''),(724,'23.94.227.145','3128','','',''),(725,'142.252.198.130','3128','','',''),(726,'136.0.95.104','3128','','',''),(727,'142.252.26.86','3128','','',''),(728,'192.177.188.4','3128','','',''),(729,'156.227.14.141','3128','','',''),(730,'104.252.179.161','3128','','',''),(731,'23.94.180.110','3128','','',''),(732,'45.146.131.230','3128','','',''),(733,'142.252.223.21','3128','','',''),(734,'192.177.163.68','3128','','',''),(735,'156.227.14.219','3128','','',''),(736,'45.146.131.212','3128','','',''),(737,'23.94.242.69','3128','','',''),(738,'23.95.190.34','3128','','',''),(739,'45.199.132.101','3128','','',''),(740,'192.177.165.121','3128','','',''),(741,'23.94.230.12','3128','','',''),(742,'192.177.188.124','3128','','',''),(743,'192.177.188.64','3128','','',''),(744,'142.252.223.159','3128','','',''),(745,'23.94.213.155','3128','','',''),(746,'192.177.186.167','3128','','',''),(747,'192.177.188.244','3128','','',''),(748,'23.95.190.10','3128','','',''),(749,'192.177.163.242','3128','','',''),(750,'23.95.183.75','3128','','',''),(751,'23.94.238.148','3128','','',''),(752,'104.252.179.245','3128','','',''),(753,'23.94.59.36','3128','','',''),(754,'45.199.132.35','3128','','',''),(755,'192.177.160.159','3128','','',''),(756,'156.227.14.249','3128','','',''),(757,'23.94.222.240','3128','','',''),(758,'192.177.186.239','3128','','',''),(759,'166.88.122.121','3128','','',''),(760,'23.94.247.144','3128','','',''),(761,'156.227.14.165','3128','','',''),(762,'192.177.163.80','3128','','',''),(763,'192.177.186.131','3128','','',''),(764,'192.177.163.20','3128','','',''),(765,'45.199.132.239','3128','','',''),(766,'23.94.247.216','3128','','',''),(767,'192.177.165.19','3128','','',''),(768,'192.177.160.87','3128','','',''),(769,'23.94.242.105','3128','','',''),(770,'136.0.95.140','3128','','',''),(771,'23.94.227.193','3128','','',''),(772,'142.252.26.170','3128','','',''),(773,'23.94.59.6','3128','','',''),(774,'192.177.188.196','3128','','',''),(775,'23.94.180.44','3128','','',''),(776,'104.252.179.197','3128','','',''),(777,'142.252.26.104','3128','','',''),(778,'23.95.49.164','3128','','',''),(779,'192.177.186.203','3128','','',''),(780,'166.88.122.79','3128','','',''),(781,'192.177.165.229','3128','','',''),(782,'23.94.237.237','3128','','',''),(783,'192.177.163.218','3128','','',''),(784,'156.227.14.33','3128','','',''),(785,'166.88.122.223','3128','','',''),(786,'142.252.223.51','3128','','',''),(787,'23.95.183.117','3128','','',''),(788,'192.177.163.122','3128','','',''),(789,'23.95.69.160','3128','','',''),(790,'23.94.213.233','3128','','',''),(791,'156.227.14.93','3128','','',''),(792,'23.94.59.48','3128','','',''),(793,'23.94.213.131','3128','','',''),(794,'104.252.179.155','3128','','',''),(795,'23.95.190.82','3128','','',''),(796,'142.252.198.136','3128','','',''),(797,'23.95.201.47','3128','','',''),(798,'142.252.223.135','3128','','',''),(799,'192.177.165.247','3128','','',''),(800,'142.252.223.123','3128','','',''),(801,'23.94.242.81','3128','','',''),(802,'172.121.142.246','3128','','',''),(803,'23.94.242.15','3128','','',''),(804,'45.199.132.233','3128','','',''),(805,'172.121.142.180','3128','','',''),(806,'166.88.122.109','3128','','',''),(807,'23.95.69.208','3128','','',''),(808,'45.199.132.65','3128','','',''),(809,'23.94.242.111','3128','','',''),(810,'192.177.163.230','3128','','',''),(811,'23.94.73.7','3128','','',''),(812,'192.177.163.92','3128','','',''),(813,'23.95.183.93','3128','','',''),(814,'45.199.132.209','3128','','',''),(815,'172.121.142.42','3128','','',''),(816,'142.252.198.166','3128','','',''),(817,'104.252.179.83','3128','','',''),(818,'23.94.222.144','3128','','',''),(819,'23.94.73.85','3128','','',''),(820,'23.94.227.187','3128','','',''),(821,'23.95.63.49','3128','','',''),(822,'192.177.160.21','3128','','',''),(823,'166.88.122.61','3128','','',''),(824,'104.252.179.239','3128','','',''),(825,'192.177.160.75','3128','','',''),(826,'23.94.237.159','3128','','',''),(827,'192.177.186.233','3128','','',''),(828,'192.177.186.227','3128','','',''),(829,'23.94.227.139','3128','','',''),(830,'192.177.165.85','3128','','',''),(831,'45.199.132.167','3128','','',''),(832,'192.177.186.53','3128','','',''),(833,'166.88.122.127','3128','','',''),(834,'23.94.238.142','3128','','',''),(835,'192.177.186.155','3128','','',''),(836,'156.227.14.57','3128','','',''),(837,'142.252.26.176','3128','','',''),(838,'45.199.132.179','3128','','',''),(839,'192.177.188.40','3128','','',''),(840,'45.199.132.41','3128','','',''),(841,'45.146.131.86','3128','','',''),(842,'136.0.95.92','3128','','',''),(843,'104.252.179.221','3128','','',''),(844,'166.88.122.133','3128','','',''),(845,'156.227.14.243','3128','','',''),(846,'166.88.122.169','3128','','',''),(847,'142.252.198.112','3128','','',''),(848,'23.94.237.141','3128','','',''),(849,'45.199.132.47','3128','','',''),(850,'104.252.179.95','3128','','',''),(851,'192.177.160.33','3128','','',''),(852,'23.95.63.91','3128','','',''),(853,'23.95.69.226','3128','','',''),(854,'156.227.14.171','3128','','',''),(855,'192.177.188.190','3128','','',''),(856,'142.252.198.244','3128','','',''),(857,'45.199.132.197','3128','','',''),(858,'23.95.201.17','3128','','',''),(859,'104.252.179.41','3128','','',''),(860,'23.95.49.224','3128','','',''),(861,'142.252.223.177','3128','','',''),(862,'23.95.190.94','3128','','',''),(863,'45.199.132.59','3128','','',''),(864,'23.94.180.38','3128','','',''),(865,'23.95.69.142','3128','','',''),(866,'192.177.186.77','3128','','',''),(867,'192.177.186.71','3128','','',''),(868,'23.95.16.89','3128','','',''),(869,'192.177.160.111','3128','','',''),(870,'23.94.237.183','3128','','',''),(871,'156.227.14.195','3128','','',''),(872,'23.94.237.195','3128','','',''),(873,'142.252.223.165','3128','','',''),(874,'192.177.163.44','3128','','',''),(875,'192.177.186.251','3128','','',''),(876,'192.177.186.137','3128','','',''),(877,'142.252.223.129','3128','','',''),(878,'192.177.163.164','3128','','',''),(879,'192.177.163.104','3128','','',''),(880,'23.95.49.134','3128','','',''),(881,'136.0.95.38','3128','','',''),(882,'192.177.163.116','3128','','',''),(883,'192.177.165.235','3128','','',''),(884,'192.177.186.119','3128','','',''),(885,'156.227.14.105','3128','','',''),(886,'23.95.190.46','3128','','',''),(887,'192.177.165.175','3128','','',''),(888,'142.252.198.106','3128','','',''),(889,'166.88.122.175','3128','','',''),(890,'142.252.26.44','3128','','',''),(891,'142.252.198.148','3128','','',''),(892,'104.252.179.143','3128','','',''),(893,'45.199.132.95','3128','','',''),(894,'45.146.131.122','3128','','',''),(895,'192.177.186.179','3128','','',''),(896,'156.227.14.201','3128','','',''),(897,'23.95.201.59','3128','','',''),(898,'23.94.213.245','3128','','',''),(899,'45.199.132.107','3128','','',''),(900,'23.95.69.220','3128','','',''),(901,'23.94.237.207','3128','','',''),(902,'23.95.69.148','3128','','',''),(903,'192.177.163.74','3128','','',''),(904,'192.177.188.88','3128','','',''),(905,'23.95.190.88','3128','','',''),(906,'104.252.179.167','3128','','',''),(907,'23.95.69.238','3128','','',''),(908,'45.146.131.164','3128','','',''),(909,'172.121.142.108','3128','','',''),(910,'23.95.183.51','3128','','',''),(911,'142.252.26.14','3128','','',''),(912,'172.121.142.192','3128','','',''),(913,'23.94.222.222','3128','','',''),(914,'192.177.165.79','3128','','',''),(915,'23.94.230.54','3128','','',''),(916,'172.121.142.30','3128','','',''),(917,'172.121.142.72','3128','','',''),(918,'166.88.122.25','3128','','',''),(919,'23.94.222.132','3128','','',''),(920,'23.94.242.57','3128','','',''),(921,'192.177.165.127','3128','','',''),(922,'142.252.198.52','3128','','',''),(923,'23.94.237.171','3128','','',''),(924,'23.94.247.246','3128','','',''),(925,'23.94.238.202','3128','','',''),(926,'192.177.188.100','3128','','',''),(927,'172.121.142.78','3128','','',''),(928,'23.94.227.247','3128','','',''),(929,'23.94.23.118','3128','','',''),(930,'192.177.186.23','3128','','',''),(931,'23.95.201.5','3128','','',''),(932,'23.94.238.178','3128','','',''),(933,'142.252.198.190','3128','','',''),(934,'142.252.26.122','3128','','',''),(935,'23.94.230.90','3128','','',''),(936,'142.252.198.124','3128','','',''),(937,'172.121.142.186','3128','','',''),(938,'166.88.122.139','3128','','',''),(939,'23.95.190.4','3128','','',''),(940,'23.94.230.60','3128','','',''),(941,'172.121.142.66','3128','','',''),(942,'23.94.238.190','3128','','',''),(943,'192.177.163.140','3128','','',''),(944,'23.94.222.174','3128','','',''),(945,'23.94.230.66','3128','','',''),(946,'23.94.238.196','3128','','',''),(947,'142.252.198.82','3128','','',''),(948,'23.94.59.120','3128','','',''),(949,'23.94.227.169','3128','','',''),(950,'172.121.142.48','3128','','',''),(951,'23.94.180.74','3128','','',''),(952,'23.94.59.18','3128','','',''),(953,'172.121.142.222','3128','','',''),(954,'45.146.131.38','3128','','',''),(955,'192.177.186.11','3128','','',''),(956,'192.177.163.38','3128','','',''),(957,'23.94.230.108','3128','','',''),(958,'23.94.213.221','3128','','',''),(959,'23.94.222.228','3128','','',''),(960,'192.177.165.49','3128','','',''),(961,'45.199.132.29','3128','','',''),(962,'104.252.179.179','3128','','',''),(963,'104.252.179.215','3128','','',''),(964,'142.252.26.128','3128','','',''),(965,'23.95.183.27','3128','','',''),(966,'192.177.163.224','3128','','',''),(967,'23.95.69.178','3128','','',''),(968,'142.252.223.93','3128','','',''),(969,'104.252.179.185','3128','','',''),(970,'23.95.190.16','3128','','',''),(971,'142.252.198.40','3128','','',''),(972,'104.252.179.131','3128','','',''),(973,'23.95.16.29','3128','','',''),(974,'166.88.122.67','3128','','',''),(975,'142.252.223.111','3128','','',''),(976,'192.177.165.205','3128','','',''),(977,'23.94.59.54','3128','','',''),(978,'23.95.63.19','3128','','',''),(979,'166.88.122.73','3128','','',''),(980,'23.95.69.250','3128','','',''),(981,'192.177.165.97','3128','','',''),(982,'142.252.26.182','3128','','',''),(983,'156.227.14.69','3128','','',''),(984,'136.0.95.44','3128','','',''),(985,'104.252.179.125','3128','','',''),(986,'142.252.223.63','3128','','',''),(987,'192.177.165.43','3128','','',''),(988,'45.146.131.170','3128','','',''),(989,'23.94.213.197','3128','','',''),(990,'192.177.188.166','3128','','',''),(991,'142.252.223.213','3128','','',''),(992,'45.146.131.242','3128','','',''),(993,'23.94.242.45','3128','','',''),(994,'192.177.163.26','3128','','',''),(995,'23.95.183.57','3128','','',''),(996,'23.95.69.172','3128','','',''),(997,'136.0.95.20','3128','','',''),(998,'23.95.190.52','3128','','',''),(999,'104.252.179.89','3128','','',''),(1000,'23.95.63.67','3128','','',''),(1001,'23.95.69.190','3128','','',''),(1002,'142.252.223.15','3128','','',''),(1003,'192.177.186.125','3128','','',''),(1004,'23.95.183.69','3128','','',''),(1005,'23.94.227.253','3128','','',''),(1006,'192.177.188.112','3128','','',''),(1008,'156.227.14.141','3128','Null','Null',''),(1009,'142.252.223.231','3128','','',''),(1010,'192.177.186.167','3128','','',''),(1011,'23.94.180.38','3128','','',''),(1012,'23.95.201.11','3128','','',''),(1013,'192.177.160.207','3128','','',''),(1014,'23.94.227.133','3128','','',''),(1015,'192.177.163.116','3128','','',''),(1016,'209.127.31.182','3128','','',''),(1017,'156.227.14.15','3128','','',''),(1018,'23.94.237.225','3128','','',''),(1019,'192.177.186.179','3128','','',''),(1020,'172.121.142.186','3128','','',''),(1021,'142.252.198.4','3128','','',''),(1022,'38.15.148.213','3128','','',''),(1023,'136.0.95.176','3128','','',''),(1024,'166.88.122.25','3128','','',''),(1025,'23.94.213.233','3128','','',''),(1026,'104.252.179.53','3128','','',''),(1027,'192.177.160.21','3128','','',''),(1028,'142.252.223.117','3128','','',''),(1029,'142.252.26.50','3128','','',''),(1030,'192.177.165.163','3128','','',''),(1031,'136.0.95.206','3128','','',''),(1032,'192.177.188.112','3128','','',''),(1033,'172.121.142.204','3128','','',''),(1034,'23.94.238.160','3128','','',''),(1035,'172.121.142.168','3128','','',''),(1036,'172.121.142.60','3128','','',''),(1037,'23.95.201.29','3128','','',''),(1038,'156.227.14.249','3128','','',''),(1039,'142.252.223.237','3128','','',''),(1040,'142.252.198.154','3128','','',''),(1041,'142.252.26.20','3128','','',''),(1042,'192.177.165.49','3128','','',''),(1043,'23.94.227.193','3128','','',''),(1044,'23.94.222.144','3128','','',''),(1045,'142.252.198.250','3128','','',''),(1046,'142.252.26.170','3128','','',''),(1047,'23.95.49.152','3128','','',''),(1048,'23.95.69.208','3128','','',''),(1049,'23.94.227.229','3128','','',''),(1050,'192.177.188.226','3128','','',''),(1051,'45.146.131.152','3128','','',''),(1052,'23.95.190.40','3128','','',''),(1053,'142.252.198.160','3128','','',''),(1054,'142.252.223.249','3128','','',''),(1055,'23.95.49.206','3128','','',''),(1056,'142.252.198.214','3128','','',''),(1057,'192.177.160.165','3128','','',''),(1058,'142.252.198.82','3128','','',''),(1059,'192.177.188.208','3128','','',''),(1060,'23.95.183.111','3128','','',''),(1061,'142.252.26.56','3128','','',''),(1062,'23.95.63.121','3128','','',''),(1063,'23.95.49.212','3128','','',''),(1064,'23.95.16.35','3128','','',''),(1065,'23.95.190.4','3128','','',''),(1066,'142.252.198.172','3128','','',''),(1067,'45.146.131.116','3128','','',''),(1068,'192.177.163.110','3128','','',''),(1069,'23.95.183.57','3128','','',''),(1070,'45.199.132.47','3128','','',''),(1071,'192.177.188.232','3128','','',''),(1072,'192.177.163.26','3128','','',''),(1073,'23.94.237.141','3128','','',''),(1074,'104.252.179.203','3128','','',''),(1075,'23.95.63.7','3128','','',''),(1076,'23.94.222.180','3128','','',''),(1077,'209.127.76.88','3128','','',''),(1078,'23.94.213.143','3128','','',''),(1079,'209.127.31.247','3128','','',''),(1080,'23.95.183.15','3128','','',''),(1081,'166.88.122.163','3128','','',''),(1082,'23.95.69.136','3128','','',''),(1083,'142.252.223.75','3128','','',''),(1084,'23.94.180.122','3128','','',''),(1085,'192.177.165.55','3128','','',''),(1086,'45.199.132.143','3128','','',''),(1087,'166.88.122.205','3128','','',''),(1088,'23.94.227.151','3128','','',''),(1089,'192.177.163.74','3128','','',''),(1090,'209.127.31.160','3128','','',''),(1091,'23.94.242.21','3128','','',''),(1092,'45.146.131.32','3128','','',''),(1093,'23.95.16.17','3128','','',''),(1094,'142.252.223.195','3128','','',''),(1095,'23.95.69.196','3128','','',''),(1096,'104.252.179.179','3128','','',''),(1097,'209.127.31.222','3128','','',''),(1098,'23.94.180.8','3128','','',''),(1099,'172.121.142.12','3128','','',''),(1100,'45.199.132.29','3128','','',''),(1101,'23.95.69.166','3128','','',''),(1102,'142.252.223.111','3128','','',''),(1103,'142.252.26.62','3128','','',''),(1104,'192.177.186.29','3128','','',''),(1105,'23.94.237.159','3128','','',''),(1106,'192.177.163.86','3128','','',''),(1107,'192.177.160.135','3128','','',''),(1108,'23.94.230.48','3128','','',''),(1109,'192.177.165.67','3128','','',''),(1110,'23.94.222.162','3128','','',''),(1111,'45.199.132.161','3128','','',''),(1112,'23.94.222.234','3128','','',''),(1113,'23.94.247.222','3128','','',''),(1114,'156.227.14.201','3128','','',''),(1115,'172.121.142.108','3128','','',''),(1116,'23.94.237.135','3128','','',''),(1117,'23.95.49.146','3128','','',''),(1118,'142.252.26.146','3128','','',''),(1119,'23.94.213.221','3128','','',''),(1120,'23.95.16.29','3128','','',''),(1121,'104.252.179.251','3128','','',''),(1122,'23.94.213.167','3128','','',''),(1123,'23.94.227.169','3128','','',''),(1124,'192.177.186.95','3128','','',''),(1125,'23.94.180.98','3128','','',''),(1126,'45.199.132.203','3128','','',''),(1127,'142.252.223.225','3128','','',''),(1128,'45.146.131.74','3128','','',''),(1129,'45.146.131.164','3128','','',''),(1130,'45.146.131.110','3128','','',''),(1131,'142.252.26.182','3128','','',''),(1132,'192.177.163.32','3128','','',''),(1133,'192.177.160.243','3128','','',''),(1134,'23.95.183.9','3128','','',''),(1135,'23.94.180.26','3128','','',''),(1136,'172.121.142.246','3128','','',''),(1137,'45.146.131.56','3128','','',''),(1138,'23.95.16.41','3128','','',''),(1139,'23.94.237.213','3128','','',''),(1140,'23.94.227.157','3128','','',''),(1141,'23.95.69.250','3128','','',''),(1142,'23.95.49.176','3128','','',''),(1143,'192.177.165.79','3128','','',''),(1144,'23.94.238.184','3128','','',''),(1145,'104.252.179.185','3128','','',''),(1146,'23.95.63.49','3128','','',''),(1147,'104.252.179.143','3128','','',''),(1148,'23.94.238.202','3128','','',''),(1149,'45.199.132.233','3128','','',''),(1150,'38.15.149.44','3128','','',''),(1151,'142.252.223.159','3128','','',''),(1152,'142.252.198.10','3128','','',''),(1153,'136.0.95.182','3128','','',''),(1154,'166.88.122.139','3128','','',''),(1155,'23.95.69.160','3128','','',''),(1156,'104.252.179.83','3128','','',''),(1157,'23.94.222.168','3128','','',''),(1158,'45.199.132.239','3128','','',''),(1159,'136.0.95.104','3128','','',''),(1160,'23.94.237.177','3128','','',''),(1161,'23.95.183.27','3128','','',''),(1162,'192.177.160.39','3128','','',''),(1163,'209.127.76.129','3128','','',''),(1164,'136.0.95.2','3128','','',''),(1165,'23.95.183.33','3128','','',''),(1166,'23.94.242.39','3128','','',''),(1167,'142.252.26.140','3128','','',''),(1168,'45.146.131.158','3128','','',''),(1169,'209.127.76.40','3128','','',''),(1170,'45.146.131.104','3128','','',''),(1171,'192.177.165.181','3128','','',''),(1172,'142.252.198.220','3128','','',''),(1173,'136.0.95.32','3128','','',''),(1174,'192.177.160.9','3128','','',''),(1175,'142.252.198.124','3128','','',''),(1176,'23.94.227.253','3128','','',''),(1177,'23.95.201.59','3128','','',''),(1178,'172.121.142.150','3128','','',''),(1179,'23.95.183.45','3128','','',''),(1180,'142.252.223.39','3128','','',''),(1181,'23.95.190.124','3128','','',''),(1182,'192.177.160.213','3128','','',''),(1183,'23.94.230.78','3128','','',''),(1184,'192.177.188.244','3128','','',''),(1185,'23.95.190.52','3128','','',''),(1186,'172.121.142.162','3128','','',''),(1187,'172.121.142.144','3128','','',''),(1188,'23.95.201.41','3128','','',''),(1189,'23.94.213.209','3128','','',''),(1190,'166.88.122.241','3128','','',''),(1191,'23.94.242.69','3128','','',''),(1192,'104.252.179.197','3128','','',''),(1193,'142.252.26.224','3128','','',''),(1194,'192.177.163.38','3128','','',''),(1195,'156.227.14.213','3128','','',''),(1196,'192.177.163.20','3128','','',''),(1197,'166.88.122.31','3128','','',''),(1198,'23.95.183.87','3128','','',''),(1199,'23.95.183.51','3128','','',''),(1200,'23.95.49.254','3128','','',''),(1201,'45.199.132.35','3128','','',''),(1202,'142.252.198.46','3128','','',''),(1203,'166.88.122.37','3128','','',''),(1204,'166.88.122.169','3128','','',''),(1205,'23.94.213.197','3128','','',''),(1206,'23.94.230.36','3128','','',''),(1207,'23.94.242.75','3128','','',''),(1208,'23.95.201.65','3128','','',''),(1209,'209.127.31.193','3128','','',''),(1210,'142.252.198.208','3128','','',''),(1211,'172.121.142.252','3128','','',''),(1212,'192.177.188.184','3128','','',''),(1213,'23.94.222.174','3128','','',''),(1214,'192.177.163.44','3128','','',''),(1215,'23.95.63.97','3128','','',''),(1216,'192.177.188.166','3128','','',''),(1217,'136.0.95.152','3128','','',''),(1218,'142.252.223.207','3128','','',''),(1219,'192.177.165.91','3128','','',''),(1220,'45.199.132.89','3128','','',''),(1221,'192.177.160.249','3128','','',''),(1222,'172.121.142.240','3128','','',''),(1223,'172.121.142.90','3128','','',''),(1224,'45.146.131.182','3128','','',''),(1225,'192.177.165.157','3128','','',''),(1226,'23.94.222.186','3128','','',''),(1227,'166.88.122.187','3128','','',''),(1228,'142.252.223.135','3128','','',''),(1229,'23.95.190.22','3128','','',''),(1230,'209.127.31.137','3128','','',''),(1231,'209.127.31.211','3128','','',''),(1232,'23.95.190.34','3128','','',''),(1233,'142.252.223.129','3128','','',''),(1234,'23.95.190.76','3128','','',''),(1235,'45.146.131.248','3128','','',''),(1236,'192.177.160.159','3128','','',''),(1237,'45.146.131.80','3128','','',''),(1238,'23.95.63.85','3128','','',''),(1239,'23.95.183.81','3128','','',''),(1240,'192.177.186.53','3128','','',''),(1241,'23.95.16.71','3128','','',''),(1242,'104.252.179.125','3128','','',''),(1243,'23.94.237.231','3128','','',''),(1244,'104.252.179.113','3128','','',''),(1245,'104.252.179.59','3128','','',''),(1246,'192.177.188.172','3128','','',''),(1247,'38.15.148.93','3128','','',''),(1248,'23.94.242.27','3128','','',''),(1249,'192.177.163.248','3128','','',''),(1250,'23.94.227.187','3128','','',''),(1251,'166.88.122.127','3128','','',''),(1252,'23.94.237.171','3128','','',''),(1253,'192.177.165.145','3128','','',''),(1254,'142.252.26.230','3128','','',''),(1255,'23.94.242.45','3128','','',''),(1256,'23.94.180.20','3128','','',''),(1257,'172.121.142.210','3128','','',''),(1258,'192.177.160.147','3128','','',''),(1259,'104.252.179.47','3128','','',''),(1260,'23.95.16.125','3128','','',''),(1261,'142.252.198.52','3128','','',''),(1262,'45.146.131.218','3128','','',''),(1263,'23.95.49.170','3128','','',''),(1264,'156.227.14.177','3128','','',''),(1265,'136.0.95.98','3128','','',''),(1266,'23.94.242.57','3128','','',''),(1267,'209.127.76.107','3128','','',''),(1268,'23.94.180.44','3128','','',''),(1269,'142.252.26.176','3128','','',''),(1270,'192.177.165.211','3128','','',''),(1271,'192.177.186.239','3128','','',''),(1272,'23.95.16.83','3128','','',''),(1273,'142.252.223.69','3128','','',''),(1274,'209.127.39.80','3128','','',''),(1275,'192.177.188.220','3128','','',''),(1276,'166.88.122.199','3128','','',''),(1277,'23.94.227.217','3128','','',''),(1278,'192.177.186.119','3128','','',''),(1279,'23.94.242.99','3128','','',''),(1280,'23.94.237.183','3128','','',''),(1281,'38.15.148.57','3128','','',''),(1282,'156.227.14.129','3128','','',''),(1283,'23.94.180.2','3128','','',''),(1284,'23.95.63.25','3128','','',''),(1285,'142.252.26.38','3128','','',''),(1286,'45.146.131.122','3128','','',''),(1287,'23.94.238.148','3128','','',''),(1288,'166.88.122.133','3128','','',''),(1289,'45.146.131.254','3128','','',''),(1290,'23.95.63.91','3128','','',''),(1291,'23.94.242.123','3128','','',''),(1292,'23.95.16.89','3128','','',''),(1293,'23.95.63.67','3128','','',''),(1294,'172.121.142.174','3128','','',''),(1295,'45.199.132.119','3128','','',''),(1296,'192.177.186.83','3128','','',''),(1297,'192.177.160.189','3128','','',''),(1298,'192.177.188.142','3128','','',''),(1299,'142.252.223.189','3128','','',''),(1300,'142.252.26.92','3128','','',''),(1301,'192.177.186.47','3128','','',''),(1302,'142.252.26.188','3128','','',''),(1303,'23.95.49.218','3128','','',''),(1304,'166.88.122.61','3128','','',''),(1305,'192.177.163.62','3128','','',''),(1306,'142.252.26.152','3128','','',''),(1307,'45.146.131.14','3128','','',''),(1308,'23.94.247.216','3128','','',''),(1309,'23.95.69.220','3128','','',''),(1310,'23.94.238.196','3128','','',''),(1311,'104.252.179.149','3128','','',''),(1312,'156.227.14.93','3128','','',''),(1313,'156.227.14.39','3128','','',''),(1314,'136.0.95.86','3128','','',''),(1315,'192.177.160.15','3128','','',''),(1316,'23.94.242.51','3128','','',''),(1317,'136.0.95.158','3128','','',''),(1318,'23.94.242.111','3128','','',''),(1319,'23.94.230.120','3128','','',''),(1320,'192.177.186.89','3128','','',''),(1321,'23.95.183.39','3128','','',''),(1322,'209.127.31.233','3128','','',''),(1323,'192.177.163.104','3128','','',''),(1324,'23.95.49.230','3128','','',''),(1325,'192.177.186.59','3128','','',''),(1326,'192.177.188.4','3128','','',''),(1327,'192.177.160.45','3128','','',''),(1328,'45.146.131.200','3128','','',''),(1329,'23.94.227.145','3128','','',''),(1330,'192.177.186.137','3128','','',''),(1331,'45.199.132.167','3128','','',''),(1332,'142.252.223.219','3128','','',''),(1333,'45.199.132.131','3128','','',''),(1334,'192.177.160.177','3128','','',''),(1335,'156.227.14.117','3128','','',''),(1336,'23.95.201.53','3128','','',''),(1337,'23.94.238.166','3128','','',''),(1338,'142.252.26.116','3128','','',''),(1339,'142.252.198.88','3128','','',''),(1340,'45.199.132.227','3128','','',''),(1341,'142.252.223.57','3128','','',''),(1342,'23.95.190.46','3128','','',''),(1343,'23.94.238.214','3128','','',''),(1344,'142.252.26.212','3128','','',''),(1345,'104.252.179.35','3128','','',''),(1346,'192.177.165.205','3128','','',''),(1347,'192.177.160.153','3128','','',''),(1348,'23.94.247.174','3128','','',''),(1349,'192.177.160.201','3128','','',''),(1350,'192.177.165.85','3128','','',''),(1351,'142.252.198.238','3128','','',''),(1352,'23.94.238.136','3128','','',''),(1353,'23.94.230.24','3128','','',''),(1354,'172.121.142.114','3128','','',''),(1355,'23.95.16.5','3128','','',''),(1356,'23.94.222.204','3128','','',''),(1357,'45.199.132.23','3128','','',''),(1358,'209.127.76.25','3128','','',''),(1359,'45.199.132.5','3128','','',''),(1360,'192.177.163.68','3128','','',''),(1361,'142.252.198.136','3128','','',''),(1362,'142.252.198.196','3128','','',''),(1363,'23.94.247.168','3128','','',''),(1364,'192.177.186.11','3128','','',''),(1365,'156.227.14.153','3128','','',''),(1366,'192.177.186.149','3128','','',''),(1367,'192.177.163.146','3128','','',''),(1368,'45.199.132.11','3128','','',''),(1369,'104.252.179.209','3128','','',''),(1370,'192.177.188.202','3128','','',''),(1371,'23.95.63.109','3128','','',''),(1372,'192.177.165.103','3128','','',''),(1373,'136.0.95.68','3128','','',''),(1374,'38.15.148.9','3128','','',''),(1375,'23.94.213.173','3128','','',''),(1376,'192.177.186.155','3128','','',''),(1377,'142.252.223.81','3128','','',''),(1378,'172.121.142.42','3128','','',''),(1379,'23.95.190.10','3128','','',''),(1380,'104.252.179.89','3128','','',''),(1381,'156.227.14.105','3128','','',''),(1382,'192.177.163.122','3128','','',''),(1383,'104.252.179.173','3128','','',''),(1384,'192.177.160.195','3128','','',''),(1385,'23.94.222.198','3128','','',''),(1386,'166.88.122.253','3128','','',''),(1387,'172.121.142.48','3128','','',''),(1388,'23.95.49.236','3128','','',''),(1389,'23.95.49.188','3128','','',''),(1390,'142.252.26.104','3128','','',''),(1391,'192.177.160.63','3128','','',''),(1392,'192.177.163.182','3128','','',''),(1393,'23.94.227.211','3128','','',''),(1394,'23.95.63.55','3128','','',''),(1395,'142.252.26.128','3128','','',''),(1396,'192.177.188.94','3128','','',''),(1397,'192.177.160.51','3128','','',''),(1398,'192.177.186.233','3128','','',''),(1399,'23.94.222.228','3128','','',''),(1400,'136.0.95.200','3128','','',''),(1401,'45.146.131.194','3128','','',''),(1402,'45.146.131.206','3128','','',''),(1403,'192.177.165.133','3128','','',''),(1404,'104.252.179.119','3128','','',''),(1405,'142.252.198.142','3128','','',''),(1406,'104.252.179.221','3128','','',''),(1407,'172.121.142.132','3128','','',''),(1408,'23.94.180.14','3128','','',''),(1409,'23.94.180.80','3128','','',''),(1410,'192.177.163.140','3128','','',''),(1411,'104.252.179.29','3128','','',''),(1412,'23.95.16.101','3128','','',''),(1413,'142.252.223.105','3128','','',''),(1414,'23.94.230.84','3128','','',''),(1415,'142.252.26.248','3128','','',''),(1416,'23.94.227.175','3128','','',''),(1417,'156.227.14.189','3128','','',''),(1418,'23.95.16.23','3128','','',''),(1419,'209.127.76.54','3128','','',''),(1420,'45.199.132.71','3128','','',''),(1421,'142.252.26.74','3128','','',''),(1422,'23.94.238.142','3128','','',''),(1423,'192.177.186.185','3128','','',''),(1424,'45.146.131.170','3128','','',''),(1425,'192.177.165.97','3128','','',''),(1426,'192.177.163.158','3128','','',''),(1427,'23.95.16.113','3128','','',''),(1428,'156.227.14.99','3128','','',''),(1429,'23.95.63.37','3128','','',''),(1430,'142.252.198.148','3128','','',''),(1431,'23.94.238.220','3128','','',''),(1432,'142.252.26.122','3128','','',''),(1433,'166.88.122.193','3128','','',''),(1434,'142.252.223.177','3128','','',''),(1435,'142.252.198.58','3128','','',''),(1436,'104.252.179.41','3128','','',''),(1437,'45.199.132.149','3128','','',''),(1438,'23.95.183.75','3128','','',''),(1439,'142.252.223.147','3128','','',''),(1440,'192.177.160.57','3128','','',''),(1441,'142.252.198.166','3128','','',''),(1442,'142.252.198.118','3128','','',''),(1443,'192.177.160.219','3128','','',''),(1444,'192.177.165.175','3128','','',''),(1445,'23.94.230.12','3128','','',''),(1446,'45.199.132.77','3128','','',''),(1447,'192.177.163.128','3128','','',''),(1448,'172.121.142.84','3128','','',''),(1449,'23.94.213.239','3128','','',''),(1450,'23.94.247.138','3128','','',''),(1451,'192.177.188.82','3128','','',''),(1452,'192.177.165.217','3128','','',''),(1453,'156.227.14.81','3128','','',''),(1454,'142.252.26.200','3128','','',''),(1455,'45.146.131.134','3128','','',''),(1456,'192.177.165.241','3128','','',''),(1457,'156.227.14.171','3128','','',''),(1458,'166.88.122.247','3128','','',''),(1459,'142.252.26.242','3128','','',''),(1460,'23.94.213.161','3128','','',''),(1461,'172.121.142.78','3128','','',''),(1462,'23.94.238.154','3128','','',''),(1463,'23.95.69.178','3128','','',''),(1464,'192.177.188.10','3128','','',''),(1465,'136.0.95.146','3128','','',''),(1466,'142.252.26.158','3128','','',''),(1467,'192.177.160.129','3128','','',''),(1468,'23.95.69.226','3128','','',''),(1469,'23.94.213.203','3128','','',''),(1470,'23.95.63.61','3128','','',''),(1471,'192.177.186.35','3128','','',''),(1472,'156.227.14.135','3128','','',''),(1473,'156.227.14.87','3128','','',''),(1474,'23.94.247.234','3128','','',''),(1475,'192.177.188.40','3128','','',''),(1476,'23.94.227.235','3128','','',''),(1477,'142.252.198.226','3128','','',''),(1478,'23.94.180.116','3128','','',''),(1479,'156.227.14.159','3128','','',''),(1480,'45.146.131.146','3128','','',''),(1481,'45.199.132.83','3128','','',''),(1482,'23.94.230.102','3128','','',''),(1483,'45.199.132.95','3128','','',''),(1484,'142.252.223.183','3128','','',''),(1485,'142.252.198.244','3128','','',''),(1486,'142.252.26.98','3128','','',''),(1487,'45.199.132.101','3128','','',''),(1488,'45.146.131.20','3128','','',''),(1489,'23.94.247.156','3128','','',''),(1490,'142.252.26.86','3128','','',''),(1491,'192.177.188.196','3128','','',''),(1492,'192.177.160.69','3128','','',''),(1493,'23.95.69.148','3128','','',''),(1494,'23.94.247.144','3128','','',''),(1495,'23.95.63.103','3128','','',''),(1496,'23.94.227.241','3128','','',''),(1497,'104.252.179.215','3128','','',''),(1498,'192.177.165.31','3128','','',''),(1499,'142.252.223.15','3128','','',''),(1500,'192.177.160.231','3128','','',''),(1501,'38.15.149.8','3128','','',''),(1502,'166.88.122.19','3128','','',''),(1503,'192.177.186.209','3128','','',''),(1504,'23.94.237.201','3128','','',''),(1505,'23.95.190.28','3128','','',''),(1506,'45.199.132.155','3128','','',''),(1507,'23.94.213.245','3128','','',''),(1508,'142.252.223.93','3128','','',''),(1509,'23.95.190.58','3128','','',''),(1510,'38.15.148.45','3128','','',''),(1511,'192.177.188.118','3128','','',''),(1512,'192.177.165.223','3128','','',''),(1513,'45.199.132.173','3128','','',''),(1514,'23.94.180.68','3128','','',''),(1515,'156.227.14.195','3128','','',''),(1516,'23.95.63.73','3128','','',''),(1517,'142.252.223.51','3128','','',''),(1518,'166.88.122.91','3128','','',''),(1519,'192.177.163.200','3128','','',''),(1520,'192.177.163.2','3128','','',''),(1521,'45.146.131.212','3128','','',''),(1522,'192.177.186.5','3128','','',''),(1523,'166.88.122.55','3128','','',''),(1524,'104.252.179.155','3128','','',''),(1525,'142.252.198.34','3128','','',''),(1526,'23.94.242.87','3128','','',''),(1527,'38.15.148.189','3128','','',''),(1528,'23.94.247.210','3128','','',''),(1529,'23.95.49.140','3128','','',''),(1530,'45.199.132.53','3128','','',''),(1531,'209.127.76.11','3128','','',''),(1532,'23.94.213.149','3128','','',''),(1533,'209.127.39.92','3128','','',''),(1534,'192.177.160.33','3128','','',''),(1535,'23.94.230.126','3128','','',''),(1536,'23.95.190.88','3128','','',''),(1537,'23.95.183.105','3128','','',''),(1538,'192.177.188.106','3128','','',''),(1539,'45.146.131.230','3128','','',''),(1540,'23.95.49.224','3128','','',''),(1541,'38.15.148.177','3128','','',''),(1542,'45.146.131.26','3128','','',''),(1543,'104.252.179.167','3128','','',''),(1544,'142.252.198.130','3128','','',''),(1545,'142.252.26.14','3128','','',''),(1546,'142.252.26.26','3128','','',''),(1547,'192.177.188.160','3128','','',''),(1548,'142.252.26.218','3128','','',''),(1549,'38.15.148.165','3128','','',''),(1550,'156.227.14.165','3128','','',''),(1551,'23.94.213.251','3128','','',''),(1552,'192.177.186.77','3128','','',''),(1553,'23.95.69.154','3128','','',''),(1554,'209.127.39.104','3128','','',''),(1555,'23.95.69.130','3128','','',''),(1556,'45.199.132.41','3128','','',''),(1557,'23.94.230.72','3128','','',''),(1558,'23.95.16.11','3128','','',''),(1559,'104.252.179.23','3128','','',''),(1560,'104.252.179.101','3128','','',''),(1561,'23.94.227.139','3128','','',''),(1562,'23.94.227.223','3128','','',''),(1563,'172.121.142.126','3128','','',''),(1564,'23.94.213.227','3128','','',''),(1565,'136.0.95.8','3128','','',''),(1566,'142.252.198.184','3128','','',''),(1567,'23.94.238.130','3128','','',''),(1568,'23.94.237.207','3128','','',''),(1569,'156.227.14.3','3128','','',''),(1570,'166.88.122.13','3128','','',''),(1571,'142.252.198.112','3128','','',''),(1572,'192.177.186.65','3128','','',''),(1573,'23.94.213.131','3128','','',''),(1574,'192.177.160.99','3128','','',''),(1575,'142.252.223.99','3128','','',''),(1576,'156.227.14.45','3128','','',''),(1577,'192.177.163.206','3128','','',''),(1578,'23.94.247.180','3128','','',''),(1579,'23.95.49.200','3128','','',''),(1580,'23.95.49.248','3128','','',''),(1581,'166.88.122.157','3128','','',''),(1582,'209.127.76.74','3128','','',''),(1583,'142.252.198.28','3128','','',''),(1584,'23.94.213.215','3128','','',''),(1585,'23.94.213.137','3128','','',''),(1586,'172.121.142.138','3128','','',''),(1587,'104.252.179.17','3128','','',''),(1588,'166.88.122.181','3128','','',''),(1589,'192.177.188.70','3128','','',''),(1590,'192.177.186.113','3128','','',''),(1591,'192.177.188.58','3128','','',''),(1592,'192.177.186.251','3128','','',''),(1593,'23.94.222.150','3128','','',''),(1594,'45.146.131.224','3128','','',''),(1595,'192.177.163.134','3128','','',''),(1596,'142.252.26.68','3128','','',''),(1597,'192.177.165.151','3128','','',''),(1598,'23.94.180.32','3128','','',''),(1599,'45.146.131.92','3128','','',''),(1600,'23.94.222.240','3128','','',''),(1601,'45.199.132.221','3128','','',''),(1602,'192.177.160.93','3128','','',''),(1603,'23.95.190.106','3128','','',''),(1604,'38.15.148.129','3128','','',''),(1605,'142.252.26.110','3128','','',''),(1606,'142.252.198.40','3128','','',''),(1607,'192.177.163.92','3128','','',''),(1608,'23.94.238.226','3128','','',''),(1609,'192.177.188.88','3128','','',''),(1610,'23.95.183.3','3128','','',''),(1611,'23.94.230.90','3128','','',''),(1612,'192.177.163.236','3128','','',''),(1613,'23.95.69.190','3128','','',''),(1614,'192.177.186.191','3128','','',''),(1615,'23.94.227.199','3128','','',''),(1616,'142.252.198.100','3128','','',''),(1617,'192.177.163.14','3128','','',''),(1618,'23.95.63.31','3128','','',''),(1619,'156.227.14.225','3128','','',''),(1620,'23.95.190.118','3128','','',''),(1621,'156.227.14.51','3128','','',''),(1622,'192.177.188.178','3128','','',''),(1623,'192.177.163.164','3128','','',''),(1624,'23.94.237.249','3128','','',''),(1625,'166.88.122.235','3128','','',''),(1626,'166.88.122.79','3128','','',''),(1627,'23.94.213.155','3128','','',''),(1628,'156.227.14.69','3128','','',''),(1629,'142.252.26.206','3128','','',''),(1630,'192.177.186.215','3128','','',''),(1631,'166.88.122.109','3128','','',''),(1632,'23.94.230.114','3128','','',''),(1633,'142.252.26.134','3128','','',''),(1634,'23.94.230.108','3128','','',''),(1635,'192.177.160.105','3128','','',''),(1636,'23.94.230.6','3128','','',''),(1637,'23.94.242.3','3128','','',''),(1638,'23.94.222.156','3128','','',''),(1639,'23.94.230.60','3128','','',''),(1640,'142.252.223.123','3128','','',''),(1641,'104.252.179.161','3128','','',''),(1642,'166.88.122.85','3128','','',''),(1643,'23.95.69.232','3128','','',''),(1644,'142.252.26.2','3128','','',''),(1645,'156.227.14.123','3128','','',''),(1646,'23.94.222.192','3128','','',''),(1647,'192.177.160.123','3128','','',''),(1648,'23.95.16.77','3128','','',''),(1649,'23.94.242.9','3128','','',''),(1650,'23.95.63.115','3128','','',''),(1651,'142.252.26.8','3128','','',''),(1652,'45.199.132.113','3128','','',''),(1653,'142.252.198.94','3128','','',''),(1654,'38.15.148.33','3128','','',''),(1655,'23.95.49.242','3128','','',''),(1656,'192.177.160.27','3128','','',''),(1657,'192.177.186.107','3128','','',''),(1658,'156.227.14.237','3128','','',''),(1659,'192.177.165.73','3128','','',''),(1660,'142.252.223.153','3128','','',''),(1661,'192.177.165.253','3128','','',''),(1662,'192.177.188.46','3128','','',''),(1663,'23.95.69.172','3128','','',''),(1664,'192.177.165.25','3128','','',''),(1665,'192.177.160.111','3128','','',''),(1666,'136.0.95.128','3128','','',''),(1667,'172.121.142.102','3128','','',''),(1668,'23.94.247.150','3128','','',''),(1669,'172.121.142.234','3128','','',''),(1670,'192.177.165.7','3128','','',''),(1671,'45.146.131.62','3128','','',''),(1672,'23.95.16.59','3128','','',''),(1673,'136.0.95.122','3128','','',''),(1674,'192.177.163.80','3128','','',''),(1675,'136.0.95.14','3128','','',''),(1676,'104.252.179.11','3128','','',''),(1677,'166.88.122.49','3128','','',''),(1678,'23.94.213.191','3128','','',''),(1679,'156.227.14.147','3128','','',''),(1680,'172.121.142.96','3128','','',''),(1681,'23.94.222.210','3128','','',''),(1682,'38.15.148.141','3128','','',''),(1683,'45.146.131.176','3128','','',''),(1684,'23.95.69.238','3128','','',''),(1685,'45.146.131.242','3128','','',''),(1686,'23.94.180.56','3128','','',''),(1687,'23.94.222.132','3128','','',''),(1688,'23.95.183.93','3128','','',''),(1689,'23.95.16.53','3128','','',''),(1690,'23.94.180.86','3128','','',''),(1691,'166.88.122.115','3128','','',''),(1692,'192.177.186.41','3128','','',''),(1693,'142.252.198.106','3128','','',''),(1694,'23.95.183.63','3128','','',''),(1695,'192.177.163.98','3128','','',''),(1696,'156.227.14.231','3128','','',''),(1697,'192.177.165.109','3128','','',''),(1698,'45.146.131.68','3128','','',''),(1699,'23.95.183.123','3128','','',''),(1700,'104.252.179.71','3128','','',''),(1701,'192.177.186.197','3128','','',''),(1702,'23.94.247.204','3128','','',''),(1703,'142.252.198.178','3128','','',''),(1704,'23.94.247.186','3128','','',''),(1705,'192.177.163.152','3128','','',''),(1706,'23.95.16.47','3128','','',''),(1707,'23.94.222.246','3128','','',''),(1708,'23.94.238.250','3128','','',''),(1709,'172.121.142.54','3128','','',''),(1710,'192.177.165.43','3128','','',''),(1711,'38.15.149.20','3128','','',''),(1712,'23.95.69.244','3128','','',''),(1713,'23.95.49.182','3128','','',''),(1714,'192.177.186.245','3128','','',''),(1715,'23.94.237.195','3128','','',''),(1716,'142.252.223.27','3128','','',''),(1717,'142.252.26.44','3128','','',''),(1718,'142.252.26.236','3128','','',''),(1719,'192.177.188.154','3128','','',''),(1720,'166.88.122.43','3128','','',''),(1721,'136.0.95.56','3128','','',''),(1722,'23.94.227.163','3128','','',''),(1723,'45.199.132.125','3128','','',''),(1724,'142.252.223.171','3128','','',''),(1725,'192.177.163.218','3128','','',''),(1726,'166.88.122.121','3128','','',''),(1727,'45.199.132.107','3128','','',''),(1728,'23.95.16.119','3128','','',''),(1729,'38.15.149.32','3128','','',''),(1730,'45.199.132.251','3128','','',''),(1731,'192.177.186.17','3128','','',''),(1732,'23.94.238.190','3128','','',''),(1733,'209.127.31.171','3128','','',''),(1734,'192.177.188.214','3128','','',''),(1735,'156.227.14.57','3128','','',''),(1736,'23.94.227.205','3128','','',''),(1737,'192.177.188.64','3128','','',''),(1738,'209.127.76.118','3128','','',''),(1739,'38.15.148.237','3128','','',''),(1740,'192.177.165.139','3128','','',''),(1741,'38.15.148.117','3128','','',''),(1742,'23.94.247.198','3128','','',''),(1743,'136.0.95.140','3128','','',''),(1744,'23.94.180.92','3128','','',''),(1745,'45.199.132.185','3128','','',''),(1746,'192.177.163.56','3128','','',''),(1747,'166.88.122.151','3128','','',''),(1748,'23.94.237.165','3128','','',''),(1749,'192.177.188.136','3128','','',''),(1750,'172.121.142.18','3128','','',''),(1751,'23.95.49.194','3128','','',''),(1752,'166.88.122.67','3128','','',''),(1753,'192.177.163.230','3128','','',''),(1754,'192.177.188.28','3128','','',''),(1755,'192.177.163.170','3128','','',''),(1756,'104.252.179.137','3128','','',''),(1757,'23.95.63.13','3128','','',''),(1758,'192.177.165.169','3128','','',''),(1759,'192.177.160.237','3128','','',''),(1760,'23.95.49.158','3128','','',''),(1761,'142.252.26.80','3128','','',''),(1762,'23.94.237.243','3128','','',''),(1763,'142.252.198.64','3128','','',''),(1764,'23.94.180.62','3128','','',''),(1765,'209.127.76.0','3128','','',''),(1766,'23.94.222.222','3128','','',''),(1767,'136.0.95.92','3128','','',''),(1768,'142.252.26.254','3128','','',''),(1769,'23.95.69.214','3128','','',''),(1770,'192.177.188.100','3128','','',''),(1771,'166.88.122.229','3128','','',''),(1772,'192.177.186.125','3128','','',''),(1773,'23.94.247.162','3128','','',''),(1774,'192.177.165.115','3128','','',''),(1775,'156.227.14.183','3128','','',''),(1776,'172.121.142.120','3128','','',''),(1777,'142.252.223.201','3128','','',''),(1778,'38.15.148.201','3128','','',''),(1779,'192.177.165.19','3128','','',''),(1780,'23.95.190.82','3128','','',''),(1781,'23.94.230.30','3128','','',''),(1782,'156.227.14.243','3128','','',''),(1783,'23.94.180.104','3128','','',''),(1784,'23.94.227.181','3128','','',''),(1785,'136.0.95.50','3128','','',''),(1786,'45.146.131.38','3128','','',''),(1787,'142.252.223.33','3128','','',''),(1788,'45.146.131.128','3128','','',''),(1789,'156.227.14.33','3128','','',''),(1790,'192.177.186.143','3128','','',''),(1791,'156.227.14.21','3128','','',''),(1792,'23.95.49.134','3128','','',''),(1793,'192.177.160.141','3128','','',''),(1794,'23.95.16.65','3128','','',''),(1795,'104.252.179.131','3128','','',''),(1796,'192.177.160.75','3128','','',''),(1797,'172.121.142.6','3128','','',''),(1798,'23.95.201.5','3128','','',''),(1799,'45.199.132.215','3128','','',''),(1800,'23.95.49.164','3128','','',''),(1801,'192.177.165.127','3128','','',''),(1802,'23.94.213.185','3128','','',''),(1803,'192.177.163.242','3128','','',''),(1804,'38.15.148.153','3128','','',''),(1805,'104.252.179.107','3128','','',''),(1806,'172.121.142.192','3128','','',''),(1807,'142.252.223.63','3128','','',''),(1808,'104.252.179.233','3128','','',''),(1809,'23.94.230.66','3128','','',''),(1810,'23.94.222.138','3128','','',''),(1811,'23.94.237.237','3128','','',''),(1812,'23.95.183.99','3128','','',''),(1813,'192.177.160.171','3128','','',''),(1814,'166.88.122.211','3128','','',''),(1815,'136.0.95.134','3128','','',''),(1816,'192.177.160.225','3128','','',''),(1817,'23.94.242.81','3128','','',''),(1818,'192.177.188.130','3128','','',''),(1819,'192.177.188.124','3128','','',''),(1820,'23.94.237.189','3128','','',''),(1821,'192.177.165.235','3128','','',''),(1822,'104.252.179.65','3128','','',''),(1823,'192.177.186.203','3128','','',''),(1824,'172.121.142.24','3128','','',''),(1825,'23.94.247.192','3128','','',''),(1826,'192.177.188.52','3128','','',''),(1827,'156.227.14.207','3128','','',''),(1828,'142.252.198.70','3128','','',''),(1829,'104.252.179.77','3128','','',''),(1830,'192.177.188.190','3128','','',''),(1831,'45.199.132.191','3128','','',''),(1832,'45.146.131.236','3128','','',''),(1833,'142.252.26.32','3128','','',''),(1834,'136.0.95.116','3128','','',''),(1835,'172.121.142.30','3128','','',''),(1836,'166.88.122.145','3128','','',''),(1837,'172.121.142.66','3128','','',''),(1838,'142.252.223.9','3128','','',''),(1839,'23.94.242.63','3128','','',''),(1840,'45.199.132.197','3128','','',''),(1841,'104.252.179.245','3128','','',''),(1842,'192.177.160.183','3128','','',''),(1843,'23.95.190.16','3128','','',''),(1844,'23.95.201.23','3128','','',''),(1845,'166.88.122.73','3128','','',''),(1846,'209.127.39.116','3128','','',''),(1847,'142.252.223.141','3128','','',''),(1848,'104.252.179.95','3128','','',''),(1849,'45.146.131.98','3128','','',''),(1850,'104.252.179.191','3128','','',''),(1851,'23.95.183.21','3128','','',''),(1852,'156.227.14.75','3128','','',''),(1853,'45.146.131.50','3128','','',''),(1854,'45.199.132.209','3128','','',''),(1855,'23.94.222.216','3128','','',''),(1856,'23.95.190.64','3128','','',''),(1857,'192.177.186.227','3128','','',''),(1858,'192.177.186.221','3128','','',''),(1859,'23.95.69.142','3128','','',''),(1860,'192.177.163.8','3128','','',''),(1861,'23.94.242.105','3128','','',''),(1862,'166.88.122.97','3128','','',''),(1863,'23.94.242.117','3128','','',''),(1864,'156.227.14.63','3128','','',''),(1865,'192.177.163.194','3128','','',''),(1866,'192.177.188.148','3128','','',''),(1867,'192.177.188.34','3128','','',''),(1868,'156.227.14.27','3128','','',''),(1869,'192.177.165.61','3128','','',''),(1870,'192.177.163.254','3128','','',''),(1871,'23.95.69.184','3128','','',''),(1872,'136.0.95.188','3128','','',''),(1873,'192.177.165.13','3128','','',''),(1874,'192.177.186.131','3128','','',''),(1875,'192.177.188.16','3128','','',''),(1876,'166.88.122.7','3128','','',''),(1877,'45.146.131.2','3128','','',''),(1878,'192.177.186.71','3128','','',''),(1879,'142.252.223.3','3128','','',''),(1880,'172.121.142.72','3128','','',''),(1881,'142.252.26.194','3128','','',''),(1882,'142.252.223.45','3128','','',''),(1883,'136.0.95.38','3128','','',''),(1884,'45.199.132.245','3128','','',''),(1885,'45.199.132.17','3128','','',''),(1886,'192.177.188.76','3128','','',''),(1887,'166.88.122.103','3128','','',''),(1888,'45.146.131.140','3128','','',''),(1889,'23.94.230.42','3128','','',''),(1890,'104.252.179.5','3128','','',''),(1891,'23.95.201.17','3128','','',''),(1892,'23.94.247.132','3128','','',''),(1893,'23.95.190.70','3128','','',''),(1894,'192.177.163.224','3128','','',''),(1895,'192.177.188.238','3128','','',''),(1896,'45.146.131.44','3128','','',''),(1897,'136.0.95.62','3128','','',''),(1898,'23.95.201.35','3128','','',''),(1899,'45.199.132.59','3128','','',''),(1900,'192.177.160.3','3128','','',''),(1901,'38.15.148.69','3128','','',''),(1902,'142.252.26.164','3128','','',''),(1903,'192.177.160.87','3128','','',''),(1904,'23.94.237.147','3128','','',''),(1905,'192.177.165.229','3128','','',''),(1906,'23.94.238.232','3128','','',''),(1907,'172.121.142.180','3128','','',''),(1908,'172.121.142.222','3128','','',''),(1909,'166.88.122.175','3128','','',''),(1910,'23.94.230.54','3128','','',''),(1911,'23.95.16.107','3128','','',''),(1912,'192.177.186.23','3128','','',''),(1913,'142.252.198.202','3128','','',''),(1914,'23.94.242.93','3128','','',''),(1915,'23.95.63.43','3128','','',''),(1916,'23.94.247.252','3128','','',''),(1917,'192.177.188.250','3128','','',''),(1918,'172.121.142.228','3128','','',''),(1919,'23.94.238.172','3128','','',''),(1920,'23.94.180.50','3128','','',''),(1921,'192.177.186.173','3128','','',''),(1922,'45.146.131.86','3128','','',''),(1923,'23.94.247.228','3128','','',''),(1924,'142.252.223.87','3128','','',''),(1925,'142.252.198.16','3128','','',''),(1926,'23.94.242.15','3128','','',''),(1927,'142.252.223.21','3128','','',''),(1928,'192.177.160.81','3128','','',''),(1929,'172.121.142.36','3128','','',''),(1930,'38.15.148.225','3128','','',''),(1931,'23.94.238.238','3128','','',''),(1932,'172.121.142.216','3128','','',''),(1933,'23.94.247.240','3128','','',''),(1934,'192.177.165.37','3128','','',''),(1935,'23.94.230.96','3128','','',''),(1936,'23.94.238.244','3128','','',''),(1937,'23.94.247.246','3128','','',''),(1938,'142.252.198.232','3128','','',''),(1939,'23.94.213.179','3128','','',''),(1940,'23.94.237.219','3128','','',''),(1941,'172.121.142.198','3128','','',''),(1942,'23.94.222.252','3128','','',''),(1943,'23.94.180.74','3128','','',''),(1944,'192.177.160.117','3128','','',''),(1945,'45.146.131.188','3128','','',''),(1946,'192.177.186.161','3128','','',''),(1947,'192.177.163.188','3128','','',''),(1948,'23.94.242.33','3128','','',''),(1949,'23.94.230.18','3128','','',''),(1950,'23.94.237.153','3128','','',''),(1951,'192.177.165.199','3128','','',''),(1952,'45.199.132.179','3128','','',''),(1953,'136.0.95.74','3128','','',''),(1954,'136.0.95.110','3128','','',''),(1955,'142.252.198.22','3128','','',''),(1956,'38.15.148.21','3128','','',''),(1957,'192.177.165.121','3128','','',''),(1958,'23.95.190.100','3128','','',''),(1959,'142.252.223.243','3128','','',''),(1960,'136.0.95.80','3128','','',''),(1961,'38.15.148.249','3128','','',''),(1962,'142.252.198.190','3128','','',''),(1963,'136.0.95.26','3128','','',''),(1964,'23.95.63.79','3128','','',''),(1965,'166.88.122.217','3128','','',''),(1966,'156.227.14.9','3128','','',''),(1967,'192.177.186.101','3128','','',''),(1968,'23.94.180.110','3128','','',''),(1969,'23.95.183.69','3128','','',''),(1970,'166.88.122.223','3128','','',''),(1971,'23.95.201.47','3128','','',''),(1972,'192.177.165.247','3128','','',''),(1973,'142.252.198.76','3128','','',''),(1974,'156.227.14.219','3128','','',''),(1975,'136.0.95.194','3128','','',''),(1976,'136.0.95.20','3128','','',''),(1977,'142.252.223.213','3128','','',''),(1978,'192.177.165.193','3128','','',''),(1979,'45.199.132.65','3128','','',''),(1980,'23.94.227.247','3128','','',''),(1981,'209.127.39.68','3128','','',''),(1982,'156.227.14.111','3128','','',''),(1983,'45.199.132.137','3128','','',''),(1984,'23.95.16.95','3128','','',''),(1985,'192.177.163.176','3128','','',''),(1986,'38.15.148.81','3128','','',''),(1987,'23.95.190.94','3128','','',''),(1988,'136.0.95.170','3128','','',''),(1989,'45.146.131.8','3128','','',''),(1990,'104.252.179.239','3128','','',''),(1991,'23.95.183.117','3128','','',''),(1992,'23.95.190.112','3128','','',''),(1993,'142.252.223.165','3128','','',''),(1994,'192.177.188.22','3128','','',''),(1995,'38.15.148.105','3128','','',''),(1996,'23.94.238.178','3128','','',''),(1997,'209.127.31.149','3128','','',''),(1998,'192.177.165.187','3128','','',''),(1999,'136.0.95.44','3128','','',''),(2000,'172.121.142.156','3128','','',''),(2001,'136.0.95.164','3128','','',''),(2002,'23.95.69.202','3128','','',''),(2003,'23.94.238.208','3128','','',''),(2004,'23.95.63.19','3128','','',''),(2005,'192.177.163.212','3128','','',''),(2006,'104.252.179.227','3128','','',''),(2007,'192.177.163.50','3128','','','');
/*!40000 ALTER TABLE `proxy_tbl` ENABLE KEYS */;
UNLOCK TABLES;

--
-- Table structure for table `user_tbl`
--

DROP TABLE IF EXISTS `user_tbl`;
/*!40101 SET @saved_cs_client     = @@character_set_client */;
/*!50503 SET character_set_client = utf8mb4 */;
CREATE TABLE `user_tbl` (
  `id` int NOT NULL AUTO_INCREMENT,
  `username` varchar(50) NOT NULL,
  `password` varchar(50) NOT NULL,
  PRIMARY KEY (`id`)
) ENGINE=InnoDB AUTO_INCREMENT=3 DEFAULT CHARSET=utf8mb4 COLLATE=utf8mb4_0900_ai_ci;
/*!40101 SET character_set_client = @saved_cs_client */;

--
-- Dumping data for table `user_tbl`
--

LOCK TABLES `user_tbl` WRITE;
/*!40000 ALTER TABLE `user_tbl` DISABLE KEYS */;
INSERT INTO `user_tbl` VALUES (1,'user@name','password@password'),(2,'zaid','diaz');
/*!40000 ALTER TABLE `user_tbl` ENABLE KEYS */;
UNLOCK TABLES;

--
-- Table structure for table `wanum_tbl`
--

DROP TABLE IF EXISTS `wanum_tbl`;
/*!40101 SET @saved_cs_client     = @@character_set_client */;
/*!50503 SET character_set_client = utf8mb4 */;
CREATE TABLE `wanum_tbl` (
  `id` int unsigned NOT NULL AUTO_INCREMENT,
  `wa_no` varchar(50) NOT NULL,
  `created` timestamp NOT NULL DEFAULT CURRENT_TIMESTAMP ON UPDATE CURRENT_TIMESTAMP,
  PRIMARY KEY (`id`)
) ENGINE=InnoDB AUTO_INCREMENT=409 DEFAULT CHARSET=latin1;
/*!40101 SET character_set_client = @saved_cs_client */;

--
-- Dumping data for table `wanum_tbl`
--

LOCK TABLES `wanum_tbl` WRITE;
/*!40000 ALTER TABLE `wanum_tbl` DISABLE KEYS */;
INSERT INTO `wanum_tbl` VALUES (393,'919584207606','2023-05-25 10:31:27'),(394,'9647812353600','2023-05-26 22:59:12'),(395,'9647812305740','2023-05-26 22:59:12'),(396,'9647812455935','2023-05-26 22:59:12'),(397,'9647812381422','2023-05-26 22:59:12'),(398,'9647812415759','2023-05-26 22:59:12'),(399,'9647812284555','2023-05-26 22:59:12'),(400,'9647812353600','2023-05-26 23:04:48'),(401,'9647812305740','2023-05-26 23:04:48'),(402,'9647812455935','2023-05-26 23:04:48'),(403,'9647812381422','2023-05-26 23:04:48'),(404,'9647812415759','2023-05-26 23:04:48'),(405,'9647812284555','2023-05-26 23:04:48'),(406,'21694850610','2023-09-15 15:43:45'),(407,'212612597573','2023-10-11 20:33:20'),(408,'212612597573','2023-10-11 20:35:42');
/*!40000 ALTER TABLE `wanum_tbl` ENABLE KEYS */;
UNLOCK TABLES;
/*!40103 SET TIME_ZONE=@OLD_TIME_ZONE */;

/*!40101 SET SQL_MODE=@OLD_SQL_MODE */;
/*!40014 SET FOREIGN_KEY_CHECKS=@OLD_FOREIGN_KEY_CHECKS */;
/*!40014 SET UNIQUE_CHECKS=@OLD_UNIQUE_CHECKS */;
/*!40101 SET CHARACTER_SET_CLIENT=@OLD_CHARACTER_SET_CLIENT */;
/*!40101 SET CHARACTER_SET_RESULTS=@OLD_CHARACTER_SET_RESULTS */;
/*!40101 SET COLLATION_CONNECTION=@OLD_COLLATION_CONNECTION */;
/*!40111 SET SQL_NOTES=@OLD_SQL_NOTES */;

-- Dump completed on 2024-05-31 12:04:40
